{"sessionId": "430d97", "location": "gemini_live_bridge.py:persona_turn_committer", "message": "VAD commit", "data": {"reason": "incomplete_utterance", "transcript_len": 4, "transcript_preview": "anak"}, "timestamp": 1787850520762, "hypothesisId": "H2"}
{"sessionId": "430d97", "location": "gemini_live_bridge.py:persona_turn_committer", "message": "VAD commit", "data": {"reason": "incomplete_utterance", "transcript_len": 17, "transcript_preview": "mampu bicara soal"}, "timestamp": 1787850538189, "hypothesisId": "H2"}
{"sessionId": "430d97", "location": "gemini_live_bridge.py:schedule_final_governance", "message": "final governance scheduled", "data": {"transcript_len": 17, "transcript_preview": "mampu bicara soal", "latest": ""}, "timestamp": 1787850538189, "hypothesisId": "H3"}
{"sessionId": "430d97", "location": "gemini_live_bridge.py:persona_turn_committer", "message": "VAD commit", "data": {"reason": "incomplete_utterance", "transcript_len": 5, "transcript_preview": "Halo."}, "timestamp": 1787850856170, "hypothesisId": "H2"}
{"sessionId": "430d97", "location": "gemini_live_bridge.py:schedule_final_governance", "message": "final governance scheduled", "data": {"transcript_len": 5, "transcript_preview": "Halo.", "latest": ""}, "timestamp": 1787850856170, "hypothesisId": "H3"}
{"sessionId": "430d97", "location": "gemini_live_bridge.py:persona_turn_committer", "message": "VAD commit", "data": {"reason": "incomplete_utterance", "transcript_len": 32, "transcript_preview": "Dari tadi kamu juga diamin saya."}, "timestamp": 1787850883622, "hypothesisId": "H2"}
{"sessionId": "430d97", "location": "gemini_live_bridge.py:schedule_final_governance", "message": "final governance scheduled", "data": {"transcript_len": 32, "transcript_preview": "Dari tadi kamu juga diamin saya.", "latest": ""}, "timestamp": 1787850883622, "hypothesisId": "H3"}
{"sessionId": "430d97", "location": "gemini_live_bridge.py:persona_turn_committer", "message": "VAD commit", "data": {"reason": "incomplete_utterance", "transcript_len": 22, "transcript_preview": "Kenapa dari tadi diam?"}, "timestamp": 1787850901270, "hypothesisId": "H2"}
{"sessionId": "430d97", "location": "gemini_live_bridge.py:schedule_final_governance", "message": "final governance scheduled", "data": {"transcript_len": 22, "transcript_preview": "Kenapa dari tadi diam?", "latest": ""}, "timestamp": 1787850901270, "hypothesisId": "H3"}
{"sessionId": "430d97", "location": "gemini_live_bridge.py:persona_turn_committer", "message": "VAD commit", "data": {"reason": "incomplete_utterance", "transcript_len": 11, "transcript_preview": "Kenapa kamu"}, "timestamp": 1787850930664, "hypothesisId": "H2"}
{"sessionId": "430d97", "location": "gemini_live_bridge.py:schedule_final_governance", "message": "final governance scheduled", "data": {"transcript_len": 11, "transcript_preview": "Kenapa kamu", "latest": ""}, "timestamp": 1787850930664, "hypothesisId": "H3"}
{"sessionId": "430d97", "location": "gemini_live_bridge.py:persona_turn_committer", "message": "VAD commit", "data": {"reason": "incomplete_utterance", "transcript_len": 4, "transcript_preview": "Bro."}, "timestamp": 1787851383215, "hypothesisId": "H2"}
{"sessionId": "430d97", "location": "gemini_live_bridge.py:schedule_final_governance", "message": "final governance scheduled", "data": {"transcript_len": 14, "transcript_preview": "Bagus, Bu, ya.", "latest": ""}, "timestamp": 1787851403406, "hypothesisId": "H3"}
{"sessionId": "430d97", "location": "gemini_live_bridge.py:persona_turn_committer", "message": "VAD commit", "data": {"reason": "incomplete_utterance", "transcript_len": 4, "transcript_preview": "Bro."}, "timestamp": 1787851542115, "hypothesisId": "H2"}
{"sessionId": "430d97", "location": "gemini_live_bridge.py:persona_turn_committer", "message": "VAD commit", "data": {"reason": "incomplete_utterance", "transcript_len": 20, "transcript_preview": "Enggak apa-apa, Sis."}, "timestamp": 1787851555093, "hypothesisId": "H2"}
{"sessionId": "430d97", "location": "gemini_live_bridge.py:schedule_final_governance", "message": "final governance scheduled", "data": {"transcript_len": 20, "transcript_preview": "Enggak apa-apa, Sis.", "latest": ""}, "timestamp": 1787851555094, "hypothesisId": "H3"}
{"sessionId": "430d97", "location": "gemini_live_bridge.py:persona_turn_committer", "message": "VAD commit", "data": {"reason": "incomplete_utterance", "transcript_len": 33, "transcript_preview": "Coba kamu obrol soal masa mudamu."}, "timestamp": 1787851571926, "hypothesisId": "H2"}
{"sessionId": "430d97", "location": "gemini_live_bridge.py:schedule_final_governance", "message": "final governance scheduled", "data": {"transcript_len": 33, "transcript_preview": "Coba kamu obrol soal masa mudamu.", "latest": ""}, "timestamp": 1787851571927, "hypothesisId": "H3"}
{"sessionId": "430d97", "location": "gemini_live_bridge.py:persona_turn_committer", "message": "VAD commit", "data": {"reason": "incomplete_utterance", "transcript_len": 3, "transcript_preview": "Ya."}, "timestamp": 1787851595951, "hypothesisId": "H2"}
{"sessionId": "430d97", "location": "gemini_live_bridge.py:persona_turn_committer", "message": "VAD commit", "data": {"reason": "incomplete_utterance", "transcript_len": 11, "transcript_preview": "nya gimana?"}, "timestamp": 1787851598867, "hypothesisId": "H2"}
{"sessionId": "430d97", "location": "gemini_live_bridge.py:schedule_final_governance", "message": "final governance scheduled", "data": {"transcript_len": 11, "transcript_preview": "nya gimana?", "latest": ""}, "timestamp": 1787851598868, "hypothesisId": "H3"}
{"sessionId": "430d97", "location": "gemini_live_bridge.py:persona_turn_committer", "message": "VAD commit", "data": {"reason": "incomplete_utterance", "transcript_len": 32, "transcript_preview": "Coba ceritain soal temanmu dulu."}, "timestamp": 1787851623444, "hypothesisId": "H2"}
{"sessionId": "430d97", "location": "gemini_live_bridge.py:schedule_final_governance", "message": "final governance scheduled", "data": {"transcript_len": 32, "transcript_preview": "Coba ceritain soal temanmu dulu.", "latest": ""}, "timestamp": 1787851623444, "hypothesisId": "H3"}
{"sessionId": "430d97", "location": "gemini_live_bridge.py:persona_turn_committer", "message": "VAD commit", "data": {"reason": "incomplete_utterance", "transcript_len": 45, "transcript_preview": "Dulu si Angla Jin dulu itu jadi apa sekarang?"}, "timestamp": 1787851646935, "hypothesisId": "H2"}
{"sessionId": "430d97", "location": "gemini_live_bridge.py:schedule_final_governance", "message": "final governance scheduled", "data": {"transcript_len": 45, "transcript_preview": "Dulu si Angla Jin dulu itu jadi apa sekarang?", "latest": ""}, "timestamp": 1787851646938, "hypothesisId": "H3"}
{"sessionId": "430d97", "location": "gemini_live_bridge.py:persona_turn_committer", "message": "VAD commit", "data": {"reason": "incomplete_utterance", "transcript_len": 25, "transcript_preview": "Punya perusahaan sendiri."}, "timestamp": 1787851670611, "hypothesisId": "H2"}
{"sessionId": "430d97", "location": "gemini_live_bridge.py:schedule_final_governance", "message": "final governance scheduled", "data": {"transcript_len": 25, "transcript_preview": "Punya perusahaan sendiri.", "latest": ""}, "timestamp": 1787851670611, "hypothesisId": "H3"}
{"sessionId": "430d97", "location": "gemini_live_bridge.py:schedule_final_governance", "message": "final governance scheduled", "data": {"transcript_len": 20, "transcript_preview": "Jadi kamu dengar ya.", "latest": ""}, "timestamp": 1787851698411, "hypothesisId": "H3"}
{"sessionId": "430d97", "location": "gemini_live_bridge.py:persona_turn_committer", "message": "VAD commit", "data": {"reason": "incomplete_utterance", "transcript_len": 5, "transcript_preview": "Halo."}, "timestamp": 1787851981859, "hypothesisId": "H2"}
{"sessionId": "430d97", "location": "gemini_live_bridge.py:schedule_final_governance", "message": "final governance scheduled", "data": {"transcript_len": 5, "transcript_preview": "Halo.", "latest": ""}, "timestamp": 1787851981860, "hypothesisId": "H3"}
{"sessionId": "430d97", "location": "gemini_live_bridge.py:persona_turn_committer", "message": "VAD commit", "data": {"reason": "incomplete_utterance", "transcript_len": 5, "transcript_preview": "Halo."}, "timestamp": 1787852152604, "hypothesisId": "H2"}
{"sessionId": "430d97", "location": "gemini_live_bridge.py:schedule_final_governance", "message": "final governance scheduled", "data": {"transcript_len": 5, "transcript_preview": "Halo.", "latest": ""}, "timestamp": 1787852152605, "hypothesisId": "H3"}
{"sessionId": "430d97", "location": "gemini_live_bridge.py:persona_turn_committer", "message": "VAD commit", "data": {"reason": "incomplete_utterance", "transcript_len": 21, "transcript_preview": "Angela ya namanya ya?"}, "timestamp": 1787852164857, "hypothesisId": "H2"}
{"sessionId": "430d97", "location": "gemini_live_bridge.py:schedule_final_governance", "message": "final governance scheduled", "data": {"transcript_len": 21, "transcript_preview": "Angela ya namanya ya?", "latest": ""}, "timestamp": 1787852164857, "hypothesisId": "H3"}
{"sessionId": "430d97", "location": "gemini_live_bridge.py:persona_turn_committer", "message": "VAD commit", "data": {"reason": "incomplete_utterance", "transcript_len": 10, "transcript_preview": "busana apa"}, "timestamp": 1787852176417, "hypothesisId": "H2"}
{"sessionId": "430d97", "location": "gemini_live_bridge.py:schedule_final_governance", "message": "final governance scheduled", "data": {"transcript_len": 10, "transcript_preview": "busana apa", "latest": ""}, "timestamp": 1787852176417, "hypothesisId": "H3"}
{"sessionId": "430d97", "location": "gemini_live_bridge.py:persona_turn_committer", "message": "VAD commit", "data": {"reason": "incomplete_utterance", "transcript_len": 16, "transcript_preview": "So for the house"}, "timestamp": 1787852192517, "hypothesisId": "H2"}
{"sessionId": "430d97", "location": "gemini_live_bridge.py:schedule_final_governance", "message": "final governance scheduled", "data": {"transcript_len": 16, "transcript_preview": "So for the house", "latest": ""}, "timestamp": 1787852192517, "hypothesisId": "H3"}
{"sessionId": "430d97", "location": "gemini_live_bridge.py:persona_turn_committer", "message": "VAD commit", "data": {"reason": "incomplete_utterance", "transcript_len": 19, "transcript_preview": "Boleh boleh cerita."}, "timestamp": 1787852211308, "hypothesisId": "H2"}
{"sessionId": "430d97", "location": "gemini_live_bridge.py:schedule_final_governance", "message": "final governance scheduled", "data": {"transcript_len": 19, "transcript_preview": "Boleh boleh cerita.", "latest": ""}, "timestamp": 1787852211309, "hypothesisId": "H3"}
{"sessionId": "430d97", "location": "gemini_live_bridge.py:persona_turn_committer", "message": "VAD commit", "data": {"reason": "incomplete_utterance", "transcript_len": 70, "transcript_preview": "tahu, dikasih tahu sama perusahaan yang pertama kali didapat sama dia."}, "timestamp": 1787852240730, "hypothesisId": "H2"}
{"sessionId": "430d97", "location": "gemini_live_bridge.py:schedule_final_governance", "message": "final governance scheduled", "data": {"transcript_len": 70, "transcript_preview": "tahu, dikasih tahu sama perusahaan yang pertama kali didapat sama dia.", "latest": ""}, "timestamp": 1787852240731, "hypothesisId": "H3"}
{"sessionId": "430d97", "location": "gemini_live_bridge.py:persona_turn_committer", "message": "VAD commit", "data": {"reason": "incomplete_utterance", "transcript_len": 9, "transcript_preview": "bole bole"}, "timestamp": 1787852263594, "hypothesisId": "H2"}
{"sessionId": "430d97", "location": "gemini_live_bridge.py:schedule_final_governance", "message": "final governance scheduled", "data": {"transcript_len": 9, "transcript_preview": "bole bole", "latest": ""}, "timestamp": 1787852263595, "hypothesisId": "H3"}
{"sessionId": "430d97", "location": "gemini_live_bridge.py:persona_turn_committer", "message": "VAD commit", "data": {"reason": "incomplete_utterance", "transcript_len": 25, "transcript_preview": "Nih, saya cerita dulu ya."}, "timestamp": 1787852287017, "hypothesisId": "H2"}
{"sessionId": "430d97", "location": "gemini_live_bridge.py:schedule_final_governance", "message": "final governance scheduled", "data": {"transcript_len": 25, "transcript_preview": "Nih, saya cerita dulu ya.", "latest": ""}, "timestamp": 1787852287017, "hypothesisId": "H3"}
{"sessionId": "430d97", "location": "gemini_live_bridge.py:persona_turn_committer", "message": "VAD commit", "data": {"reason": "incomplete_utterance", "transcript_len": 24, "transcript_preview": "Yang buat kamu ini saya."}, "timestamp": 1787852298917, "hypothesisId": "H2"}
{"sessionId": "430d97", "location": "gemini_live_bridge.py:schedule_final_governance", "message": "final governance scheduled", "data": {"transcript_len": 24, "transcript_preview": "Yang buat kamu ini saya.", "latest": ""}, "timestamp": 1787852298918, "hypothesisId": "H3"}
{"sessionId": "430d97", "location": "gemini_live_bridge.py:persona_turn_committer", "message": "VAD commit", "data": {"reason": "incomplete_utterance", "transcript_len": 12, "transcript_preview": "Lanjut lagi."}, "timestamp": 1787852390565, "hypothesisId": "H2"}
{"sessionId": "430d97", "location": "gemini_live_bridge.py:schedule_final_governance", "message": "final governance scheduled", "data": {"transcript_len": 12, "transcript_preview": "Lanjut lagi.", "latest": ""}, "timestamp": 1787852390566, "hypothesisId": "H3"}
{"sessionId": "430d97", "location": "gemini_live_bridge.py:persona_turn_committer", "message": "VAD commit", "data": {"reason": "incomplete_utterance", "transcript_len": 22, "transcript_preview": "Nasib siapa maksudnya?"}, "timestamp": 1787852413894, "hypothesisId": "H2"}
{"sessionId": "430d97", "location": "gemini_live_bridge.py:schedule_final_governance", "message": "final governance scheduled", "data": {"transcript_len": 22, "transcript_preview": "Nasib siapa maksudnya?", "latest": ""}, "timestamp": 1787852413894, "hypothesisId": "H3"}
{"sessionId": "430d97", "location": "gemini_live_bridge.py:persona_turn_committer", "message": "VAD commit", "data": {"reason": "incomplete_utterance", "transcript_len": 5, "transcript_preview": "Halo."}, "timestamp": 1787852448888, "hypothesisId": "H2"}
{"sessionId": "430d97", "location": "gemini_live_bridge.py:schedule_final_governance", "message": "final governance scheduled", "data": {"transcript_len": 5, "transcript_preview": "Halo.", "latest": ""}, "timestamp": 1787852448888, "hypothesisId": "H3"}
{"sessionId": "430d97", "location": "gemini_live_bridge.py:persona_turn_committer", "message": "VAD commit", "data": {"reason": "incomplete_utterance", "transcript_len": 92, "transcript_preview": "Kenapa kamu diam lagi? Tadi saya tanya terus kelanjutannya gimana setelah klienn"}, "timestamp": 1787852465073, "hypothesisId": "H2"}
{"sessionId": "430d97", "location": "gemini_live_bridge.py:schedule_final_governance", "message": "final governance scheduled", "data": {"transcript_len": 92, "transcript_preview": "Kenapa kamu diam lagi? Tadi saya tanya terus kelanjutannya gimana setelah klienn", "latest": ""}, "timestamp": 1787852465074, "hypothesisId": "H3"}
{"sessionId": "430d97", "location": "gemini_live_bridge.py:persona_turn_committer", "message": "VAD commit", "data": {"reason": "incomplete_utterance", "transcript_len": 26, "transcript_preview": "Sekarang sayang cerita ya."}, "timestamp": 1787852491704, "hypothesisId": "H2"}
{"sessionId": "430d97", "location": "gemini_live_bridge.py:schedule_final_governance", "message": "final governance scheduled", "data": {"transcript_len": 26, "transcript_preview": "Sekarang sayang cerita ya.", "latest": ""}, "timestamp": 1787852491704, "hypothesisId": "H3"}
{"sessionId": "430d97", "location": "gemini_live_bridge.py:persona_turn_committer", "message": "VAD commit", "data": {"reason": "incomplete_utterance", "transcript_len": 30, "transcript_preview": "Yang bangun kamu ini itu saya."}, "timestamp": 1787852504114, "hypothesisId": "H2"}
{"sessionId": "430d97", "location": "gemini_live_bridge.py:schedule_final_governance", "message": "final governance scheduled", "data": {"transcript_len": 30, "transcript_preview": "Yang bangun kamu ini itu saya.", "latest": ""}, "timestamp": 1787852504114, "hypothesisId": "H3"}
{"sessionId": "430d97", "location": "gemini_live_bridge.py:persona_turn_committer", "message": "VAD commit", "data": {"reason": "incomplete_utterance", "transcript_len": 38, "transcript_preview": "Yang bikin kamu ini saya sekarang ini."}, "timestamp": 1787852518969, "hypothesisId": "H2"}
{"sessionId": "430d97", "location": "gemini_live_bridge.py:schedule_final_governance", "message": "final governance scheduled", "data": {"transcript_len": 38, "transcript_preview": "Yang bikin kamu ini saya sekarang ini.", "latest": ""}, "timestamp": 1787852518969, "hypothesisId": "H3"}
{"sessionId": "430d97", "location": "gemini_live_bridge.py:persona_turn_committer", "message": "VAD commit", "data": {"reason": "incomplete_utterance", "transcript_len": 110, "transcript_preview": "AI kamu AI-nya kan sudah dari Google, tapi yang membangun asisten yang bisa berb"}, "timestamp": 1787852539328, "hypothesisId": "H2"}
{"sessionId": "430d97", "location": "gemini_live_bridge.py:schedule_final_governance", "message": "final governance scheduled", "data": {"transcript_len": 110, "transcript_preview": "AI kamu AI-nya kan sudah dari Google, tapi yang membangun asisten yang bisa berb", "latest": ""}, "timestamp": 1787852539328, "hypothesisId": "H3"}
{"sessionId": "430d97", "location": "gemini_live_bridge.py:persona_turn_committer", "message": "VAD commit", "data": {"reason": "incomplete_utterance", "transcript_len": 97, "transcript_preview": "Ini kamu produk terakhir yang saya bikin sudah lebih natural yang sebelumnya ngg"}, "timestamp": 1787852574201, "hypothesisId": "H2"}
{"sessionId": "430d97", "location": "gemini_live_bridge.py:schedule_final_governance", "message": "final governance scheduled", "data": {"transcript_len": 97, "transcript_preview": "Ini kamu produk terakhir yang saya bikin sudah lebih natural yang sebelumnya ngg", "latest": ""}, "timestamp": 1787852574202, "hypothesisId": "H3"}
{"sessionId": "430d97", "location": "gemini_live_bridge.py:persona_turn_committer", "message": "VAD commit", "data": {"reason": "incomplete_utterance", "transcript_len": 63, "transcript_preview": "Ya, saya ada bangun beberapa engine, behavior, governance, sama"}, "timestamp": 1787852601633, "hypothesisId": "H2"}
{"sessionId": "430d97", "location": "gemini_live_bridge.py:schedule_final_governance", "message": "final governance scheduled", "data": {"transcript_len": 63, "transcript_preview": "Ya, saya ada bangun beberapa engine, behavior, governance, sama", "latest": ""}, "timestamp": 1787852601633, "hypothesisId": "H3"}
{"sessionId": "430d97", "location": "gemini_live_bridge.py:persona_turn_committer", "message": "VAD commit", "data": {"reason": "incomplete_utterance", "transcript_len": 60, "transcript_preview": "prediksi dua tiga tahun ke depan, bagaimana teknologi suara?"}, "timestamp": 1787852624276, "hypothesisId": "H2"}
{"sessionId": "430d97", "location": "gemini_live_bridge.py:schedule_final_governance", "message": "final governance scheduled", "data": {"transcript_len": 60, "transcript_preview": "prediksi dua tiga tahun ke depan, bagaimana teknologi suara?", "latest": ""}, "timestamp": 1787852624277, "hypothesisId": "H3"}
{"sessionId": "430d97", "location": "gemini_live_bridge.py:persona_turn_committer", "message": "VAD commit", "data": {"reason": "incomplete_utterance", "transcript_len": 192, "transcript_preview": "Ini kamu kan udah nggak kayak chatbot lagi, yang dikit-dikit \"Apa lagi yang bisa"}, "timestamp": 1787852665317, "hypothesisId": "H2"}
{"sessionId": "430d97", "location": "gemini_live_bridge.py:schedule_final_governance", "message": "final governance scheduled", "data": {"transcript_len": 192, "transcript_preview": "Ini kamu kan udah nggak kayak chatbot lagi, yang dikit-dikit \"Apa lagi yang bisa", "latest": ""}, "timestamp": 1787852665318, "hypothesisId": "H3"}
{"sessionId": "430d97", "location": "gemini_live_bridge.py:persona_turn_committer", "message": "VAD commit", "data": {"reason": "incomplete_utterance", "transcript_len": 43, "transcript_preview": "Jadi saya spesialis bisa bikin full duplex."}, "timestamp": 1787852705111, "hypothesisId": "H2"}
{"sessionId": "430d97", "location": "gemini_live_bridge.py:schedule_final_governance", "message": "final governance scheduled", "data": {"transcript_len": 43, "transcript_preview": "Jadi saya spesialis bisa bikin full duplex.", "latest": ""}, "timestamp": 1787852705112, "hypothesisId": "H3"}
{"sessionId": "430d97", "location": "gemini_live_bridge.py:persona_turn_committer", "message": "VAD commit", "data": {"reason": "incomplete_utterance", "transcript_len": 47, "transcript_preview": "Ya ini kamu kan hasilnya full duplex dengan AI."}, "timestamp": 1787852733795, "hypothesisId": "H2"}
{"sessionId": "430d97", "location": "gemini_live_bridge.py:schedule_final_governance", "message": "final governance scheduled", "data": {"transcript_len": 47, "transcript_preview": "Ya ini kamu kan hasilnya full duplex dengan AI.", "latest": ""}, "timestamp": 1787852733796, "hypothesisId": "H3"}
{"sessionId": "430d97", "location": "gemini_live_bridge.py:persona_turn_committer", "message": "VAD commit", "data": {"reason": "incomplete_utterance", "transcript_len": 92, "transcript_preview": "Coba bayangkan 3 tahun lagi, kafe-kafe nanti bagian depan front desk itu bukan m"}, "timestamp": 1787852772897, "hypothesisId": "H2"}
{"sessionId": "430d97", "location": "gemini_live_bridge.py:schedule_final_governance", "message": "final governance scheduled", "data": {"transcript_len": 92, "transcript_preview": "Coba bayangkan 3 tahun lagi, kafe-kafe nanti bagian depan front desk itu bukan m", "latest": ""}, "timestamp": 1787852772898, "hypothesisId": "H3"}
{"sessionId": "430d97", "location": "gemini_live_bridge.py:persona_turn_committer", "message": "VAD commit", "data": {"reason": "incomplete_utterance", "transcript_len": 6, "transcript_preview": "sentuh"}, "timestamp": 1787852776591, "hypothesisId": "H2"}
{"sessionId": "430d97", "location": "gemini_live_bridge.py:schedule_final_governance", "message": "final governance scheduled", "data": {"transcript_len": 6, "transcript_preview": "sentuh", "latest": ""}, "timestamp": 1787852776591, "hypothesisId": "H3"}
{"sessionId": "430d97", "location": "gemini_live_bridge.py:persona_turn_committer", "message": "VAD commit", "data": {"reason": "incomplete_utterance", "transcript_len": 60, "transcript_preview": "nanti itu sudah ada asisten virtual sama menu. Tinggal pilih"}, "timestamp": 1787852822851, "hypothesisId": "H2"}
{"sessionId": "430d97", "location": "gemini_live_bridge.py:schedule_final_governance", "message": "final governance scheduled", "data": {"transcript_len": 60, "transcript_preview": "nanti itu sudah ada asisten virtual sama menu. Tinggal pilih", "latest": ""}, "timestamp": 1787852822852, "hypothesisId": "H3"}
{"sessionId": "430d97", "location": "gemini_live_bridge.py:persona_turn_committer", "message": "VAD commit", "data": {"reason": "incomplete_utterance", "transcript_len": 5, "transcript_preview": "Halo."}, "timestamp": 1787853014931, "hypothesisId": "H2"}
{"sessionId": "430d97", "location": "gemini_live_bridge.py:schedule_final_governance", "message": "final governance scheduled", "data": {"transcript_len": 5, "transcript_preview": "Halo.", "latest": ""}, "timestamp": 1787853014932, "hypothesisId": "H3"}
{"sessionId": "430d97", "location": "gemini_live_bridge.py:persona_turn_committer", "message": "VAD commit", "data": {"reason": "incomplete_utterance", "transcript_len": 64, "transcript_preview": "Padahal ceweknya bikin. Lanjut lagi tentang temanmu, Angela itu."}, "timestamp": 1787853034628, "hypothesisId": "H2"}
{"sessionId": "430d97", "location": "gemini_live_bridge.py:schedule_final_governance", "message": "final governance scheduled", "data": {"transcript_len": 64, "transcript_preview": "Padahal ceweknya bikin. Lanjut lagi tentang temanmu, Angela itu.", "latest": ""}, "timestamp": 1787853034628, "hypothesisId": "H3"}
{"sessionId": "430d97", "location": "gemini_live_bridge.py:persona_turn_committer", "message": "VAD commit", "data": {"reason": "incomplete_utterance", "transcript_len": 2, "transcript_preview": "\uc751."}, "timestamp": 1787853037967, "hypothesisId": "H2"}
{"sessionId": "430d97", "location": "gemini_live_bridge.py:persona_turn_committer", "message": "VAD commit", "data": {"reason": "incomplete_utterance", "transcript_len": 39, "transcript_preview": "Lanjut lagi tentang temanmu Angela itu."}, "timestamp": 1787853081841, "hypothesisId": "H2"}
{"sessionId": "430d97", "location": "gemini_live_bridge.py:schedule_final_governance", "message": "final governance scheduled", "data": {"transcript_len": 39, "transcript_preview": "Lanjut lagi tentang temanmu Angela itu.", "latest": ""}, "timestamp": 1787853081841, "hypothesisId": "H3"}
{"sessionId": "430d97", "location": "gemini_live_bridge.py:persona_turn_committer", "message": "VAD commit", "data": {"reason": "incomplete_utterance", "transcript_len": 11, "transcript_preview": "dia memberi"}, "timestamp": 1787853210495, "hypothesisId": "H2"}
{"sessionId": "430d97", "location": "gemini_live_bridge.py:schedule_final_governance", "message": "final governance scheduled", "data": {"transcript_len": 11, "transcript_preview": "dia memberi", "latest": ""}, "timestamp": 1787853210495, "hypothesisId": "H3"}
{"sessionId": "430d97", "location": "gemini_live_bridge.py:persona_turn_committer", "message": "VAD commit", "data": {"reason": "incomplete_utterance", "transcript_len": 26, "transcript_preview": "Tadi saya tanya kamu diam."}, "timestamp": 1787853222244, "hypothesisId": "H2"}
{"sessionId": "430d97", "location": "gemini_live_bridge.py:schedule_final_governance", "message": "final governance scheduled", "data": {"transcript_len": 26, "transcript_preview": "Tadi saya tanya kamu diam.", "latest": ""}, "timestamp": 1787853222245, "hypothesisId": "H3"}
{"sessionId": "430d97", "location": "gemini_live_bridge.py:persona_turn_committer", "message": "VAD commit", "data": {"reason": "incomplete_utterance", "transcript_len": 71, "transcript_preview": "Ya kamu ceritain lagi temanmu Angela itu, udah berapa tahun dia bisnis."}, "timestamp": 1787853244737, "hypothesisId": "H2"}
{"sessionId": "430d97", "location": "gemini_live_bridge.py:schedule_final_governance", "message": "final governance scheduled", "data": {"transcript_len": 71, "transcript_preview": "Ya kamu ceritain lagi temanmu Angela itu, udah berapa tahun dia bisnis.", "latest": ""}, "timestamp": 1787853244738, "hypothesisId": "H3"}
{"sessionId": "430d97", "location": "gemini_live_bridge.py:persona_turn_committer", "message": "VAD commit", "data": {"reason": "incomplete_utterance", "transcript_len": 6, "transcript_preview": "Boleh."}, "timestamp": 1787853267851, "hypothesisId": "H2"}
{"sessionId": "430d97", "location": "gemini_live_bridge.py:schedule_final_governance", "message": "final governance scheduled", "data": {"transcript_len": 6, "transcript_preview": "Boleh.", "latest": ""}, "timestamp": 1787853267851, "hypothesisId": "H3"}
{"sessionId": "430d97", "location": "gemini_live_bridge.py:persona_turn_committer", "message": "VAD commit", "data": {"reason": "incomplete_utterance", "transcript_len": 3, "transcript_preview": "apa"}, "timestamp": 1787853294484, "hypothesisId": "H2"}
{"sessionId": "430d97", "location": "gemini_live_bridge.py:schedule_final_governance", "message": "final governance scheduled", "data": {"transcript_len": 3, "transcript_preview": "apa", "latest": ""}, "timestamp": 1787853294485, "hypothesisId": "H3"}
{"sessionId": "430d97", "location": "gemini_live_bridge.py:persona_turn_committer", "message": "VAD commit", "data": {"reason": "incomplete_utterance", "transcript_len": 6, "transcript_preview": "Boleh."}, "timestamp": 1787853315001, "hypothesisId": "H2"}
{"sessionId": "430d97", "location": "gemini_live_bridge.py:schedule_final_governance", "message": "final governance scheduled", "data": {"transcript_len": 6, "transcript_preview": "Boleh.", "latest": ""}, "timestamp": 1787853315001, "hypothesisId": "H3"}
{"sessionId": "430d97", "location": "gemini_live_bridge.py:persona_turn_committer", "message": "VAD commit", "data": {"reason": "incomplete_utterance", "transcript_len": 57, "transcript_preview": "Nah, coba sekarang ceritain tentang kamu sendiri, gimana?"}, "timestamp": 1787853334443, "hypothesisId": "H2"}
{"sessionId": "430d97", "location": "gemini_live_bridge.py:schedule_final_governance", "message": "final governance scheduled", "data": {"transcript_len": 57, "transcript_preview": "Nah, coba sekarang ceritain tentang kamu sendiri, gimana?", "latest": ""}, "timestamp": 1787853334444, "hypothesisId": "H3"}
{"sessionId": "430d97", "location": "gemini_live_bridge.py:persona_turn_committer", "message": "VAD commit", "data": {"reason": "incomplete_utterance", "transcript_len": 22, "transcript_preview": "Kau belum sukses dong."}, "timestamp": 1787853359518, "hypothesisId": "H2"}
{"sessionId": "430d97", "location": "gemini_live_bridge.py:schedule_final_governance", "message": "final governance scheduled", "data": {"transcript_len": 22, "transcript_preview": "Kau belum sukses dong.", "latest": ""}, "timestamp": 1787853359518, "hypothesisId": "H3"}
{"sessionId": "430d97", "location": "gemini_live_bridge.py:persona_turn_committer", "message": "VAD commit", "data": {"reason": "incomplete_utterance", "transcript_len": 4, "transcript_preview": "Iya."}, "timestamp": 1787853416581, "hypothesisId": "H2"}
{"sessionId": "430d97", "location": "gemini_live_bridge.py:schedule_final_governance", "message": "final governance scheduled", "data": {"transcript_len": 4, "transcript_preview": "Iya.", "latest": ""}, "timestamp": 1787853416581, "hypothesisId": "H3"}
{"sessionId": "430d97", "location": "gemini_live_bridge.py:persona_turn_committer", "message": "VAD commit", "data": {"reason": "incomplete_utterance", "transcript_len": 74, "transcript_preview": "Bahas lagi Angela yang tadi programmer itu, yang punya perusahaan sendiri."}, "timestamp": 1787853435554, "hypothesisId": "H2"}
{"sessionId": "430d97", "location": "gemini_live_bridge.py:schedule_final_governance", "message": "final governance scheduled", "data": {"transcript_len": 74, "transcript_preview": "Bahas lagi Angela yang tadi programmer itu, yang punya perusahaan sendiri.", "latest": ""}, "timestamp": 1787853435554, "hypothesisId": "H3"}
{"sessionId": "430d97", "location": "gemini_live_bridge.py:persona_turn_committer", "message": "VAD commit", "data": {"reason": "incomplete_utterance", "transcript_len": 49, "transcript_preview": "Ya kan kamu cerita tadi kliennya sempat bangkrut."}, "timestamp": 1787853466663, "hypothesisId": "H2"}
{"sessionId": "430d97", "location": "gemini_live_bridge.py:schedule_final_governance", "message": "final governance scheduled", "data": {"transcript_len": 49, "transcript_preview": "Ya kan kamu cerita tadi kliennya sempat bangkrut.", "latest": ""}, "timestamp": 1787853466664, "hypothesisId": "H3"}
{"sessionId": "430d97", "location": "gemini_live_bridge.py:persona_turn_committer", "message": "VAD commit", "data": {"reason": "incomplete_utterance", "transcript_len": 15, "transcript_preview": "Boleh ceritain."}, "timestamp": 1787853490024, "hypothesisId": "H2"}
{"sessionId": "430d97", "location": "gemini_live_bridge.py:schedule_final_governance", "message": "final governance scheduled", "data": {"transcript_len": 15, "transcript_preview": "Boleh ceritain.", "latest": ""}, "timestamp": 1787853490024, "hypothesisId": "H3"}
{"sessionId": "430d97", "location": "gemini_live_bridge.py:persona_turn_committer", "message": "VAD commit", "data": {"reason": "incomplete_utterance", "transcript_len": 11, "transcript_preview": "Vale, vale."}, "timestamp": 1787853533176, "hypothesisId": "H2"}
{"sessionId": "430d97", "location": "gemini_live_bridge.py:schedule_final_governance", "message": "final governance scheduled", "data": {"transcript_len": 11, "transcript_preview": "Vale, vale.", "latest": ""}, "timestamp": 1787853533176, "hypothesisId": "H3"}
{"sessionId": "430d97", "location": "gemini_live_bridge.py:persona_turn_committer", "message": "VAD commit", "data": {"reason": "incomplete_utterance", "transcript_len": 23, "transcript_preview": "Apa nama perusahaannya?"}, "timestamp": 1787853559357, "hypothesisId": "H2"}
{"sessionId": "430d97", "location": "gemini_live_bridge.py:schedule_final_governance", "message": "final governance scheduled", "data": {"transcript_len": 23, "transcript_preview": "Apa nama perusahaannya?", "latest": ""}, "timestamp": 1787853559357, "hypothesisId": "H3"}
{"sessionId": "430d97", "location": "gemini_live_bridge.py:persona_turn_committer", "message": "VAD commit", "data": {"reason": "incomplete_utterance", "transcript_len": 27, "transcript_preview": "UIUX itu harus lulusan apa?"}, "timestamp": 1787853614051, "hypothesisId": "H2"}
{"sessionId": "430d97", "location": "gemini_live_bridge.py:schedule_final_governance", "message": "final governance scheduled", "data": {"transcript_len": 27, "transcript_preview": "UIUX itu harus lulusan apa?", "latest": ""}, "timestamp": 1787853614052, "hypothesisId": "H3"}
{"sessionId": "430d97", "location": "gemini_live_bridge.py:persona_turn_committer", "message": "VAD commit", "data": {"reason": "incomplete_utterance", "transcript_len": 20, "transcript_preview": "di mana kalau UI UX?"}, "timestamp": 1787853639153, "hypothesisId": "H2"}
{"sessionId": "430d97", "location": "gemini_live_bridge.py:schedule_final_governance", "message": "final governance scheduled", "data": {"transcript_len": 20, "transcript_preview": "di mana kalau UI UX?", "latest": ""}, "timestamp": 1787853639153, "hypothesisId": "H3"}
{"sessionId": "430d97", "location": "gemini_live_bridge.py:persona_turn_committer", "message": "VAD commit", "data": {"reason": "incomplete_utterance", "transcript_len": 42, "transcript_preview": "buat mendesainnya di mana? Di program apa?"}, "timestamp": 1787853653137, "hypothesisId": "H2"}
{"sessionId": "430d97", "location": "gemini_live_bridge.py:schedule_final_governance", "message": "final governance scheduled", "data": {"transcript_len": 42, "transcript_preview": "buat mendesainnya di mana? Di program apa?", "latest": ""}, "timestamp": 1787853653137, "hypothesisId": "H3"}
{"sessionId": "430d97", "location": "gemini_live_bridge.py:persona_turn_committer", "message": "VAD commit", "data": {"reason": "incomplete_utterance", "transcript_len": 5, "transcript_preview": "Halo."}, "timestamp": 1787854375439, "hypothesisId": "H2"}
{"sessionId": "430d97", "location": "gemini_live_bridge.py:schedule_final_governance", "message": "final governance scheduled", "data": {"transcript_len": 5, "transcript_preview": "Halo.", "latest": ""}, "timestamp": 1787854375441, "hypothesisId": "H3"}
{"sessionId": "430d97", "location": "gemini_live_bridge.py:persona_turn_committer", "message": "VAD commit", "data": {"reason": "incomplete_utterance", "transcript_len": 27, "transcript_preview": "tanaman obat dan perusahaan"}, "timestamp": 1787854400256, "hypothesisId": "H2"}
{"sessionId": "430d97", "location": "gemini_live_bridge.py:schedule_final_governance", "message": "final governance scheduled", "data": {"transcript_len": 27, "transcript_preview": "tanaman obat dan perusahaan", "latest": ""}, "timestamp": 1787854400256, "hypothesisId": "H3"}
{"sessionId": "430d97", "location": "gemini_live_bridge.py:persona_turn_committer", "message": "VAD commit", "data": {"reason": "incomplete_utterance", "transcript_len": 9, "transcript_preview": "jella itu"}, "timestamp": 1787854417650, "hypothesisId": "H2"}
{"sessionId": "430d97", "location": "gemini_live_bridge.py:schedule_final_governance", "message": "final governance scheduled", "data": {"transcript_len": 9, "transcript_preview": "jella itu", "latest": ""}, "timestamp": 1787854417650, "hypothesisId": "H3"}
{"sessionId": "430d97", "location": "gemini_live_bridge.py:persona_turn_committer", "message": "VAD commit", "data": {"reason": "incomplete_utterance", "transcript_len": 49, "transcript_preview": "adalah ini. Biar jelas dulu yang mana ajalah ini."}, "timestamp": 1787854436810, "hypothesisId": "H2"}
{"sessionId": "430d97", "location": "gemini_live_bridge.py:schedule_final_governance", "message": "final governance scheduled", "data": {"transcript_len": 49, "transcript_preview": "adalah ini. Biar jelas dulu yang mana ajalah ini.", "latest": ""}, "timestamp": 1787854436811, "hypothesisId": "H3"}
{"sessionId": "430d97", "location": "gemini_live_bridge.py:persona_turn_committer", "message": "VAD commit", "data": {"reason": "incomplete_utterance", "transcript_len": 269, "transcript_preview": "perangkat lunak kayak Angela ya. Mantap itu. Terinspirasi dari kesuksesan dia ya"}, "timestamp": 1787854481344, "hypothesisId": "H2"}
{"sessionId": "430d97", "location": "gemini_live_bridge.py:schedule_final_governance", "message": "final governance scheduled", "data": {"transcript_len": 269, "transcript_preview": "perangkat lunak kayak Angela ya. Mantap itu. Terinspirasi dari kesuksesan dia ya", "latest": ""}, "timestamp": 1787854481345, "hypothesisId": "H3"}
{"sessionId": "430d97", "location": "gemini_live_bridge.py:persona_turn_committer", "message": "VAD commit", "data": {"reason": "incomplete_utterance", "transcript_len": 197, "transcript_preview": "semangat. Uh, seru memang luar biasa. Nah, kita mau mulai dari platform mana dul"}, "timestamp": 1787854515126, "hypothesisId": "H2"}
{"sessionId": "430d97", "location": "gemini_live_bridge.py:schedule_final_governance", "message": "final governance scheduled", "data": {"transcript_len": 197, "transcript_preview": "semangat. Uh, seru memang luar biasa. Nah, kita mau mulai dari platform mana dul", "latest": ""}, "timestamp": 1787854515126, "hypothesisId": "H3"}
{"sessionId": "430d97", "location": "gemini_live_bridge.py:persona_turn_committer", "message": "VAD commit", "data": {"reason": "incomplete_utterance", "transcript_len": 54, "transcript_preview": "Kenapa di Indonesia masih banyak yang pakai WordPress?"}, "timestamp": 1787854539793, "hypothesisId": "H2"}
{"sessionId": "430d97", "location": "gemini_live_bridge.py:schedule_final_governance", "message": "final governance scheduled", "data": {"transcript_len": 54, "transcript_preview": "Kenapa di Indonesia masih banyak yang pakai WordPress?", "latest": ""}, "timestamp": 1787854539794, "hypothesisId": "H3"}
{"sessionId": "430d97", "location": "gemini_live_bridge.py:persona_turn_committer", "message": "VAD commit", "data": {"reason": "incomplete_utterance", "transcript_len": 3, "transcript_preview": "Oh."}, "timestamp": 1787854558655, "hypothesisId": "H2"}
{"sessionId": "430d97", "location": "gemini_live_bridge.py:persona_turn_committer", "message": "VAD commit", "data": {"reason": "incomplete_utterance", "transcript_len": 79, "transcript_preview": "Tapi karena Laya mau bikin perusahaan perangkat lunak, mungkin perlu dipikirkan"}, "timestamp": 1787854570399, "hypothesisId": "H2"}
{"sessionId": "430d97", "location": "gemini_live_bridge.py:schedule_final_governance", "message": "final governance scheduled", "data": {"transcript_len": 79, "transcript_preview": "Tapi karena Laya mau bikin perusahaan perangkat lunak, mungkin perlu dipikirkan", "latest": ""}, "timestamp": 1787854570400, "hypothesisId": "H3"}
{"sessionId": "430d97", "location": "gemini_live_bridge.py:persona_turn_committer", "message": "VAD commit", "data": {"reason": "incomplete_utterance", "transcript_len": 39, "transcript_preview": "Coba kalian kasih saran soal Bali dulu."}, "timestamp": 1787854590895, "hypothesisId": "H2"}
{"sessionId": "430d97", "location": "gemini_live_bridge.py:schedule_final_governance", "message": "final governance scheduled", "data": {"transcript_len": 39, "transcript_preview": "Coba kalian kasih saran soal Bali dulu.", "latest": ""}, "timestamp": 1787854590895, "hypothesisId": "H3"}
{"sessionId": "430d97", "location": "gemini_live_bridge.py:persona_turn_committer", "message": "VAD commit", "data": {"reason": "incomplete_utterance", "transcript_len": 28, "transcript_preview": "lebih banyak atau memudahkan"}, "timestamp": 1787854634069, "hypothesisId": "H2"}
{"sessionId": "430d97", "location": "gemini_live_bridge.py:schedule_final_governance", "message": "final governance scheduled", "data": {"transcript_len": 28, "transcript_preview": "lebih banyak atau memudahkan", "latest": ""}, "timestamp": 1787854634070, "hypothesisId": "H3"}
{"sessionId": "430d97", "location": "gemini_live_bridge.py:persona_turn_committer", "message": "VAD commit", "data": {"reason": "incomplete_utterance", "transcript_len": 63, "transcript_preview": "rekomendasi spesifik, boleh aja. Lain tertarik daerah mana atau"}, "timestamp": 1787854642150, "hypothesisId": "H2"}
{"sessionId": "430d97", "location": "gemini_live_bridge.py:schedule_final_governance", "message": "final governance scheduled", "data": {"transcript_len": 63, "transcript_preview": "rekomendasi spesifik, boleh aja. Lain tertarik daerah mana atau", "latest": ""}, "timestamp": 1787854642151, "hypothesisId": "H3"}
{"sessionId": "430d97", "location": "gemini_live_bridge.py:persona_turn_committer", "message": "VAD commit", "data": {"reason": "incomplete_utterance", "transcript_len": 87, "transcript_preview": "Kalau saya bikin aplikasi, ada yang mau bayar nggak minimal Rp25.000 langganan 1"}, "timestamp": 1787854660343, "hypothesisId": "H2"}
{"sessionId": "430d97", "location": "gemini_live_bridge.py:schedule_final_governance", "message": "final governance scheduled", "data": {"transcript_len": 87, "transcript_preview": "Kalau saya bikin aplikasi, ada yang mau bayar nggak minimal Rp25.000 langganan 1", "latest": ""}, "timestamp": 1787854660343, "hypothesisId": "H3"}
{"sessionId": "430d97", "location": "gemini_live_bridge.py:persona_turn_committer", "message": "VAD commit", "data": {"reason": "incomplete_utterance", "transcript_len": 147, "transcript_preview": "itu pertanyaan yang sangat bagus. Molo mau dibayar Rp25.000 per bulan, balik lag"}, "timestamp": 1787854697318, "hypothesisId": "H2"}
{"sessionId": "430d97", "location": "gemini_live_bridge.py:schedule_final_governance", "message": "final governance scheduled", "data": {"transcript_len": 147, "transcript_preview": "itu pertanyaan yang sangat bagus. Molo mau dibayar Rp25.000 per bulan, balik lag", "latest": ""}, "timestamp": 1787854697320, "hypothesisId": "H3"}
{"sessionId": "430d97", "location": "gemini_live_bridge.py:persona_turn_committer", "message": "VAD commit", "data": {"reason": "incomplete_utterance", "transcript_len": 19, "transcript_preview": "Asisten Jervis Bali"}, "timestamp": 1787854755476, "hypothesisId": "H2"}
{"sessionId": "430d97", "location": "gemini_live_bridge.py:schedule_final_governance", "message": "final governance scheduled", "data": {"transcript_len": 19, "transcript_preview": "Asisten Jervis Bali", "latest": ""}, "timestamp": 1787854755477, "hypothesisId": "H3"}
{"sessionId": "430d97", "location": "gemini_live_bridge.py:persona_turn_committer", "message": "VAD commit", "data": {"reason": "incomplete_utterance", "transcript_len": 166, "transcript_preview": "asisten Jarvis Bali, menarik kali itu. Bisa bantu macam-macam ya. Dari rekomenda"}, "timestamp": 1787854788669, "hypothesisId": "H2"}
{"sessionId": "430d97", "location": "gemini_live_bridge.py:schedule_final_governance", "message": "final governance scheduled", "data": {"transcript_len": 166, "transcript_preview": "asisten Jarvis Bali, menarik kali itu. Bisa bantu macam-macam ya. Dari rekomenda", "latest": ""}, "timestamp": 1787854788671, "hypothesisId": "H3"}
{"sessionId": "430d97", "location": "gemini_live_bridge.py:persona_turn_committer", "message": "VAD commit", "data": {"reason": "incomplete_utterance", "transcript_len": 126, "transcript_preview": "4.000 metadata yang saya masukkan dari gem, hidden gem, kafe-kafe cantik, tempat"}, "timestamp": 1787854820604, "hypothesisId": "H2"}
{"sessionId": "430d97", "location": "gemini_live_bridge.py:schedule_final_governance", "message": "final governance scheduled", "data": {"transcript_len": 126, "transcript_preview": "4.000 metadata yang saya masukkan dari gem, hidden gem, kafe-kafe cantik, tempat", "latest": ""}, "timestamp": 1787854820604, "hypothesisId": "H3"}
{"sessionId": "430d97", "location": "gemini_live_bridge.py:persona_turn_committer", "message": "VAD commit", "data": {"reason": "incomplete_utterance", "transcript_len": 33, "transcript_preview": "malam semua sudah ada saya bikin."}, "timestamp": 1787854831950, "hypothesisId": "H2"}
{"sessionId": "430d97", "location": "gemini_live_bridge.py:schedule_final_governance", "message": "final governance scheduled", "data": {"transcript_len": 33, "transcript_preview": "malam semua sudah ada saya bikin.", "latest": ""}, "timestamp": 1787854831951, "hypothesisId": "H3"}
{"sessionId": "430d97", "location": "gemini_live_bridge.py:persona_turn_committer", "message": "VAD commit", "data": {"reason": "incomplete_utterance", "transcript_len": 106, "transcript_preview": "Sudah ada fitur rider. Jadi karena di Bali turisnya banyak yang naik motor, saya"}, "timestamp": 1787854865656, "hypothesisId": "H2"}
{"sessionId": "430d97", "location": "gemini_live_bridge.py:schedule_final_governance", "message": "final governance scheduled", "data": {"transcript_len": 106, "transcript_preview": "Sudah ada fitur rider. Jadi karena di Bali turisnya banyak yang naik motor, saya", "latest": ""}, "timestamp": 1787854865656, "hypothesisId": "H3"}
{"sessionId": "430d97", "location": "gemini_live_bridge.py:persona_turn_committer", "message": "VAD commit", "data": {"reason": "incomplete_utterance", "transcript_len": 25, "transcript_preview": "\u00bfInstalar una quad rider?"}, "timestamp": 1787854884033, "hypothesisId": "H2"}
{"sessionId": "430d97", "location": "gemini_live_bridge.py:schedule_final_governance", "message": "final governance scheduled", "data": {"transcript_len": 25, "transcript_preview": "\u00bfInstalar una quad rider?", "latest": ""}, "timestamp": 1787854884033, "hypothesisId": "H3"}
{"sessionId": "430d97", "location": "gemini_live_bridge.py:persona_turn_committer", "message": "VAD commit", "data": {"reason": "incomplete_utterance", "transcript_len": 12, "transcript_preview": "Lanjut lagi."}, "timestamp": 1787855013413, "hypothesisId": "H2"}
{"sessionId": "430d97", "location": "gemini_live_bridge.py:schedule_final_governance", "message": "final governance scheduled", "data": {"transcript_len": 12, "transcript_preview": "Lanjut lagi.", "latest": ""}, "timestamp": 1787855013414, "hypothesisId": "H3"}
{"sessionId": "430d97", "location": "gemini_live_bridge.py:persona_turn_committer", "message": "VAD commit", "data": {"reason": "incomplete_utterance", "transcript_len": 447, "transcript_preview": "Nah, itu dia kuncinya, Lae. Dengan 4.000 data yang Lae punya, kita bisa bikin fi"}, "timestamp": 1787855069548, "hypothesisId": "H2"}
{"sessionId": "430d97", "location": "gemini_live_bridge.py:schedule_final_governance", "message": "final governance scheduled", "data": {"transcript_len": 447, "transcript_preview": "Nah, itu dia kuncinya, Lae. Dengan 4.000 data yang Lae punya, kita bisa bikin fi", "latest": ""}, "timestamp": 1787855069548, "hypothesisId": "H3"}
{"sessionId": "430d97", "location": "gemini_live_bridge.py:persona_turn_committer", "message": "VAD commit", "data": {"reason": "incomplete_utterance", "transcript_len": 12, "transcript_preview": "Lanjut lagi."}, "timestamp": 1787855278321, "hypothesisId": "H2"}
{"sessionId": "430d97", "location": "gemini_live_bridge.py:schedule_final_governance", "message": "final governance scheduled", "data": {"transcript_len": 12, "transcript_preview": "Lanjut lagi.", "latest": ""}, "timestamp": 1787855278321, "hypothesisId": "H3"}
{"sessionId": "430d97", "location": "gemini_live_bridge.py:persona_turn_committer", "message": "VAD commit", "data": {"reason": "incomplete_utterance", "transcript_len": 31, "transcript_preview": "Informasinya didapat dari mana?"}, "timestamp": 1787855313467, "hypothesisId": "H2"}
{"sessionId": "430d97", "location": "gemini_live_bridge.py:schedule_final_governance", "message": "final governance scheduled", "data": {"transcript_len": 31, "transcript_preview": "Informasinya didapat dari mana?", "latest": ""}, "timestamp": 1787855313467, "hypothesisId": "H3"}
{"sessionId": "430d97", "location": "gemini_live_bridge.py:persona_turn_committer", "message": "VAD commit", "data": {"reason": "incomplete_utterance", "transcript_len": 26, "transcript_preview": "Mengkonfigurasinya gimana?"}, "timestamp": 1787855340840, "hypothesisId": "H2"}
{"sessionId": "430d97", "location": "gemini_live_bridge.py:schedule_final_governance", "message": "final governance scheduled", "data": {"transcript_len": 26, "transcript_preview": "Mengkonfigurasinya gimana?", "latest": ""}, "timestamp": 1787855340840, "hypothesisId": "H3"}
{"sessionId": "430d97", "location": "gemini_live_bridge.py:persona_turn_committer", "message": "VAD commit", "data": {"reason": "incomplete_utterance", "transcript_len": 45, "transcript_preview": "Bayang sih, cuman bikinnya nggak gampang itu."}, "timestamp": 1787855383716, "hypothesisId": "H2"}
{"sessionId": "430d97", "location": "gemini_live_bridge.py:schedule_final_governance", "message": "final governance scheduled", "data": {"transcript_len": 45, "transcript_preview": "Bayang sih, cuman bikinnya nggak gampang itu.", "latest": ""}, "timestamp": 1787855383717, "hypothesisId": "H3"}
{"sessionId": "430d97", "location": "gemini_live_bridge.py:persona_turn_committer", "message": "VAD commit", "data": {"reason": "incomplete_utterance", "transcript_len": 143, "transcript_preview": "Gini aja deh, coba kamu cek di negara-negara lain yang pariwisatanya besar kayak"}, "timestamp": 1787855421095, "hypothesisId": "H2"}
{"sessionId": "430d97", "location": "gemini_live_bridge.py:schedule_final_governance", "message": "final governance scheduled", "data": {"transcript_len": 143, "transcript_preview": "Gini aja deh, coba kamu cek di negara-negara lain yang pariwisatanya besar kayak", "latest": ""}, "timestamp": 1787855421096, "hypothesisId": "H3"}
{"sessionId": "430d97", "location": "gemini_live_bridge.py:persona_turn_committer", "message": "VAD commit", "data": {"reason": "incomplete_utterance", "transcript_len": 84, "transcript_preview": "Wah, jago fisika Bali. Jago sekali bahasa Balinya. Kamu juga bisa nggak bahasa B"}, "timestamp": 1787855459386, "hypothesisId": "H2"}
{"sessionId": "430d97", "location": "gemini_live_bridge.py:schedule_final_governance", "message": "final governance scheduled", "data": {"transcript_len": 84, "transcript_preview": "Wah, jago fisika Bali. Jago sekali bahasa Balinya. Kamu juga bisa nggak bahasa B", "latest": ""}, "timestamp": 1787855459386, "hypothesisId": "H3"}
{"sessionId": "430d97", "location": "gemini_live_bridge.py:persona_turn_committer", "message": "VAD commit", "data": {"reason": "incomplete_utterance", "transcript_len": 5, "transcript_preview": "Coba."}, "timestamp": 1787855475363, "hypothesisId": "H2"}
{"sessionId": "430d97", "location": "gemini_live_bridge.py:schedule_final_governance", "message": "final governance scheduled", "data": {"transcript_len": 5, "transcript_preview": "Coba.", "latest": ""}, "timestamp": 1787855475363, "hypothesisId": "H3"}
{"sessionId": "430d97", "location": "gemini_live_bridge.py:persona_turn_committer", "message": "VAD commit", "data": {"reason": "incomplete_utterance", "transcript_len": 9, "transcript_preview": "uchi uchi"}, "timestamp": 1787855496453, "hypothesisId": "H2"}
{"sessionId": "430d97", "location": "gemini_live_bridge.py:schedule_final_governance", "message": "final governance scheduled", "data": {"transcript_len": 9, "transcript_preview": "uchi uchi", "latest": ""}, "timestamp": 1787855496454, "hypothesisId": "H3"}
{"sessionId": "430d97", "location": "gemini_live_bridge.py:persona_turn_committer", "message": "VAD commit", "data": {"reason": "incomplete_utterance", "transcript_len": 73, "transcript_preview": "Coba kamu bahasa Bali dulu, ngobrol Bali, misalnya lagi nyambut tamu lah."}, "timestamp": 1787855518671, "hypothesisId": "H2"}
{"sessionId": "430d97", "location": "gemini_live_bridge.py:schedule_final_governance", "message": "final governance scheduled", "data": {"transcript_len": 73, "transcript_preview": "Coba kamu bahasa Bali dulu, ngobrol Bali, misalnya lagi nyambut tamu lah.", "latest": ""}, "timestamp": 1787855518672, "hypothesisId": "H3"}
{"sessionId": "430d97", "location": "gemini_live_bridge.py:persona_turn_committer", "message": "VAD commit", "data": {"reason": "incomplete_utterance", "transcript_len": 62, "transcript_preview": "Yang mau download bayar okelah gratis dulu 7 hari. Nah, 7 hari"}, "timestamp": 1787855569983, "hypothesisId": "H2"}
{"sessionId": "430d97", "location": "gemini_live_bridge.py:schedule_final_governance", "message": "final governance scheduled", "data": {"transcript_len": 62, "transcript_preview": "Yang mau download bayar okelah gratis dulu 7 hari. Nah, 7 hari", "latest": ""}, "timestamp": 1787855569983, "hypothesisId": "H3"}
{"sessionId": "430d97", "location": "gemini_live_bridge.py:persona_turn_committer", "message": "VAD commit", "data": {"reason": "incomplete_utterance", "transcript_len": 22, "transcript_preview": "biar 1 bulan langganan"}, "timestamp": 1787855577144, "hypothesisId": "H2"}
{"sessionId": "430d97", "location": "gemini_live_bridge.py:schedule_final_governance", "message": "final governance scheduled", "data": {"transcript_len": 22, "transcript_preview": "biar 1 bulan langganan", "latest": ""}, "timestamp": 1787855577144, "hypothesisId": "H3"}
{"sessionId": "430d97", "location": "gemini_live_bridge.py:persona_turn_committer", "message": "VAD commit", "data": {"reason": "incomplete_utterance", "transcript_len": 9, "transcript_preview": "Johari ra"}, "timestamp": 1787855603471, "hypothesisId": "H2"}
{"sessionId": "430d97", "location": "gemini_live_bridge.py:schedule_final_governance", "message": "final governance scheduled", "data": {"transcript_len": 9, "transcript_preview": "Johari ra", "latest": ""}, "timestamp": 1787855603472, "hypothesisId": "H3"}
{"sessionId": "430d97", "location": "gemini_live_bridge.py:persona_turn_committer", "message": "VAD commit", "data": {"reason": "incomplete_utterance", "transcript_len": 42, "transcript_preview": "Satu tahun wisatawan Bali ada berapa juta?"}, "timestamp": 1787855626588, "hypothesisId": "H2"}
{"sessionId": "430d97", "location": "gemini_live_bridge.py:schedule_final_governance", "message": "final governance scheduled", "data": {"transcript_len": 42, "transcript_preview": "Satu tahun wisatawan Bali ada berapa juta?", "latest": ""}, "timestamp": 1787855626588, "hypothesisId": "H3"}
{"sessionId": "430d97", "location": "gemini_live_bridge.py:persona_turn_committer", "message": "VAD commit", "data": {"reason": "incomplete_utterance", "transcript_len": 55, "transcript_preview": "Lihat data tahun lalu lah sama 2 tahun lalu, perkiraan."}, "timestamp": 1787855653421, "hypothesisId": "H2"}
{"sessionId": "430d97", "location": "gemini_live_bridge.py:schedule_final_governance", "message": "final governance scheduled", "data": {"transcript_len": 55, "transcript_preview": "Lihat data tahun lalu lah sama 2 tahun lalu, perkiraan.", "latest": ""}, "timestamp": 1787855653423, "hypothesisId": "H3"}
{"sessionId": "430d97", "location": "gemini_live_bridge.py:persona_turn_committer", "message": "VAD commit", "data": {"reason": "incomplete_utterance", "transcript_len": 11, "transcript_preview": "\ubaa8\ub974\uaca0\ub124. \ubaa8\ub974\uaca0\ub124."}, "timestamp": 1787855679982, "hypothesisId": "H2"}
{"sessionId": "430d97", "location": "gemini_live_bridge.py:schedule_final_governance", "message": "final governance scheduled", "data": {"transcript_len": 11, "transcript_preview": "\ubaa8\ub974\uaca0\ub124. \ubaa8\ub974\uaca0\ub124.", "latest": ""}, "timestamp": 1787855679982, "hypothesisId": "H3"}
{"sessionId": "430d97", "location": "gemini_live_bridge.py:persona_turn_committer", "message": "VAD commit", "data": {"reason": "incomplete_utterance", "transcript_len": 3, "transcript_preview": "Oh."}, "timestamp": 1788171317746, "hypothesisId": "H2"}
{"sessionId": "430d97", "location": "gemini_live_bridge.py:persona_turn_committer", "message": "VAD commit", "data": {"reason": "incomplete_utterance", "transcript_len": 42, "transcript_preview": "Kenapa wisatawan Bali kalah sama Thailand?"}, "timestamp": 1788171869043, "hypothesisId": "H2"}
{"sessionId": "430d97", "location": "gemini_live_bridge.py:schedule_final_governance", "message": "final governance scheduled", "data": {"transcript_len": 42, "transcript_preview": "Kenapa wisatawan Bali kalah sama Thailand?", "latest": ""}, "timestamp": 1788171869043, "hypothesisId": "H3"}
{"sessionId": "430d97", "location": "gemini_live_bridge.py:persona_turn_committer", "message": "VAD commit", "data": {"reason": "incomplete_utterance", "transcript_len": 41, "transcript_preview": "Mungkin ngurusnya nggak gaya nggak bener."}, "timestamp": 1788171909862, "hypothesisId": "H2"}
{"sessionId": "430d97", "location": "gemini_live_bridge.py:schedule_final_governance", "message": "final governance scheduled", "data": {"transcript_len": 41, "transcript_preview": "Mungkin ngurusnya nggak gaya nggak bener.", "latest": ""}, "timestamp": 1788171909862, "hypothesisId": "H3"}
{"sessionId": "430d97", "location": "gemini_live_bridge.py:persona_turn_committer", "message": "VAD commit", "data": {"reason": "incomplete_utterance", "transcript_len": 24, "transcript_preview": "Ah, sampai mikirin Bali."}, "timestamp": 1788171936737, "hypothesisId": "H2"}
{"sessionId": "430d97", "location": "gemini_live_bridge.py:schedule_final_governance", "message": "final governance scheduled", "data": {"transcript_len": 24, "transcript_preview": "Ah, sampai mikirin Bali.", "latest": ""}, "timestamp": 1788171936738, "hypothesisId": "H3"}
{"sessionId": "430d97", "location": "gemini_live_bridge.py:persona_turn_committer", "message": "VAD commit", "data": {"reason": "incomplete_utterance", "transcript_len": 25, "transcript_preview": "Aku nggak pernah ke Bali."}, "timestamp": 1788171957511, "hypothesisId": "H2"}
{"sessionId": "430d97", "location": "gemini_live_bridge.py:schedule_final_governance", "message": "final governance scheduled", "data": {"transcript_len": 25, "transcript_preview": "Aku nggak pernah ke Bali.", "latest": ""}, "timestamp": 1788171957511, "hypothesisId": "H3"}
{"sessionId": "430d97", "location": "gemini_live_bridge.py:persona_turn_committer", "message": "VAD commit", "data": {"reason": "incomplete_utterance", "transcript_len": 21, "transcript_preview": "Saya tinggal di Bali."}, "timestamp": 1788171975881, "hypothesisId": "H2"}
{"sessionId": "430d97", "location": "gemini_live_bridge.py:schedule_final_governance", "message": "final governance scheduled", "data": {"transcript_len": 21, "transcript_preview": "Saya tinggal di Bali.", "latest": ""}, "timestamp": 1788171975881, "hypothesisId": "H3"}
{"sessionId": "430d97", "location": "gemini_live_bridge.py:persona_turn_committer", "message": "VAD commit", "data": {"reason": "incomplete_utterance", "transcript_len": 20, "transcript_preview": "Oh, yang saya tanya."}, "timestamp": 1788171984917, "hypothesisId": "H2"}
{"sessionId": "430d97", "location": "gemini_live_bridge.py:schedule_final_governance", "message": "final governance scheduled", "data": {"transcript_len": 20, "transcript_preview": "Oh, yang saya tanya.", "latest": ""}, "timestamp": 1788171984918, "hypothesisId": "H3"}
{"sessionId": "430d97", "location": "gemini_live_bridge.py:persona_turn_committer", "message": "VAD commit", "data": {"reason": "incomplete_utterance", "transcript_len": 31, "transcript_preview": "Aku sudah pernah ke Bali belum?"}, "timestamp": 1788172000270, "hypothesisId": "H2"}
{"sessionId": "430d97", "location": "gemini_live_bridge.py:schedule_final_governance", "message": "final governance scheduled", "data": {"transcript_len": 31, "transcript_preview": "Aku sudah pernah ke Bali belum?", "latest": ""}, "timestamp": 1788172000270, "hypothesisId": "H3"}
{"sessionId": "430d97", "location": "gemini_live_bridge.py:persona_turn_committer", "message": "VAD commit", "data": {"reason": "incomplete_utterance", "transcript_len": 33, "transcript_preview": "Hai, belum bisa dibikin wujudnya."}, "timestamp": 1788172025682, "hypothesisId": "H2"}
{"sessionId": "430d97", "location": "gemini_live_bridge.py:schedule_final_governance", "message": "final governance scheduled", "data": {"transcript_len": 33, "transcript_preview": "Hai, belum bisa dibikin wujudnya.", "latest": ""}, "timestamp": 1788172025682, "hypothesisId": "H3"}
{"sessionId": "430d97", "location": "gemini_live_bridge.py:persona_turn_committer", "message": "VAD commit", "data": {"reason": "incomplete_utterance", "transcript_len": 40, "transcript_preview": "Pakai ini yang bisa keluar wujudnya itu."}, "timestamp": 1788172054882, "hypothesisId": "H2"}
{"sessionId": "430d97", "location": "gemini_live_bridge.py:schedule_final_governance", "message": "final governance scheduled", "data": {"transcript_len": 40, "transcript_preview": "Pakai ini yang bisa keluar wujudnya itu.", "latest": ""}, "timestamp": 1788172054882, "hypothesisId": "H3"}
{"sessionId": "430d97", "location": "gemini_live_bridge.py:persona_turn_committer", "message": "VAD commit", "data": {"reason": "incomplete_utterance", "transcript_len": 51, "transcript_preview": "yang langsung wujudmu keluar begitu. Kayak apa sih?"}, "timestamp": 1788172087866, "hypothesisId": "H2"}
{"sessionId": "430d97", "location": "gemini_live_bridge.py:schedule_final_governance", "message": "final governance scheduled", "data": {"transcript_len": 51, "transcript_preview": "yang langsung wujudmu keluar begitu. Kayak apa sih?", "latest": ""}, "timestamp": 1788172087867, "hypothesisId": "H3"}
{"sessionId": "430d97", "location": "gemini_live_bridge.py:persona_turn_committer", "message": "VAD commit", "data": {"reason": "incomplete_utterance", "transcript_len": 16, "transcript_preview": "Nah, itu. Benar."}, "timestamp": 1788172093546, "hypothesisId": "H2"}
{"sessionId": "430d97", "location": "gemini_live_bridge.py:schedule_final_governance", "message": "final governance scheduled", "data": {"transcript_len": 16, "transcript_preview": "Nah, itu. Benar.", "latest": ""}, "timestamp": 1788172093547, "hypothesisId": "H3"}
{"sessionId": "430d97", "location": "gemini_live_bridge.py:persona_turn_committer", "message": "VAD commit", "data": {"reason": "incomplete_utterance", "transcript_len": 24, "transcript_preview": "Ada ada butuh alat lagi?"}, "timestamp": 1788172120417, "hypothesisId": "H2"}
{"sessionId": "430d97", "location": "gemini_live_bridge.py:schedule_final_governance", "message": "final governance scheduled", "data": {"transcript_len": 24, "transcript_preview": "Ada ada butuh alat lagi?", "latest": ""}, "timestamp": 1788172120417, "hypothesisId": "H3"}
{"sessionId": "430d97", "location": "gemini_live_bridge.py:persona_turn_committer", "message": "VAD commit", "data": {"reason": "incomplete_utterance", "transcript_len": 61, "transcript_preview": "Saya capek dengar kamu ngomong nanya-nanya ada lagi ada lagi."}, "timestamp": 1788172151538, "hypothesisId": "H2"}
{"sessionId": "430d97", "location": "gemini_live_bridge.py:schedule_final_governance", "message": "final governance scheduled", "data": {"transcript_len": 61, "transcript_preview": "Saya capek dengar kamu ngomong nanya-nanya ada lagi ada lagi.", "latest": ""}, "timestamp": 1788172151538, "hypothesisId": "H3"}
{"sessionId": "430d97", "location": "gemini_live_bridge.py:persona_turn_committer", "message": "VAD commit", "data": {"reason": "incomplete_utterance", "transcript_len": 4, "transcript_preview": "Ayah"}, "timestamp": 1788172173182, "hypothesisId": "H2"}
{"sessionId": "430d97", "location": "gemini_live_bridge.py:schedule_final_governance", "message": "final governance scheduled", "data": {"transcript_len": 4, "transcript_preview": "Ayah", "latest": ""}, "timestamp": 1788172173182, "hypothesisId": "H3"}
{"sessionId": "430d97", "location": "gemini_live_bridge.py:persona_turn_committer", "message": "VAD commit", "data": {"reason": "incomplete_utterance", "transcript_len": 25, "transcript_preview": "Yang bangun kau itu saya."}, "timestamp": 1788172181931, "hypothesisId": "H2"}
{"sessionId": "430d97", "location": "gemini_live_bridge.py:schedule_final_governance", "message": "final governance scheduled", "data": {"transcript_len": 25, "transcript_preview": "Yang bangun kau itu saya.", "latest": ""}, "timestamp": 1788172181932, "hypothesisId": "H3"}
{"sessionId": "430d97", "location": "gemini_live_bridge.py:persona_turn_committer", "message": "VAD commit", "data": {"reason": "incomplete_utterance", "transcript_len": 33, "transcript_preview": "Ah, sah, memang saya yang bangun."}, "timestamp": 1788172191672, "hypothesisId": "H2"}
{"sessionId": "430d97", "location": "gemini_live_bridge.py:schedule_final_governance", "message": "final governance scheduled", "data": {"transcript_len": 33, "transcript_preview": "Ah, sah, memang saya yang bangun.", "latest": ""}, "timestamp": 1788172191672, "hypothesisId": "H3"}
{"sessionId": "430d97", "location": "gemini_live_bridge.py:persona_turn_committer", "message": "VAD commit", "data": {"reason": "incomplete_utterance", "transcript_len": 49, "transcript_preview": "Mana membuktikan bahwa saya ini developernya kau?"}, "timestamp": 1788172216855, "hypothesisId": "H2"}
{"sessionId": "430d97", "location": "gemini_live_bridge.py:schedule_final_governance", "message": "final governance scheduled", "data": {"transcript_len": 49, "transcript_preview": "Mana membuktikan bahwa saya ini developernya kau?", "latest": ""}, "timestamp": 1788172216856, "hypothesisId": "H3"}
{"sessionId": "430d97", "location": "gemini_live_bridge.py:persona_turn_committer", "message": "VAD commit", "data": {"reason": "incomplete_utterance", "transcript_len": 3, "transcript_preview": "bro"}, "timestamp": 1788172286768, "hypothesisId": "H2"}
{"sessionId": "430d97", "location": "gemini_live_bridge.py:schedule_final_governance", "message": "final governance scheduled", "data": {"transcript_len": 3, "transcript_preview": "bro", "latest": ""}, "timestamp": 1788172286768, "hypothesisId": "H3"}
{"sessionId": "430d97", "location": "gemini_live_bridge.py:persona_turn_committer", "message": "VAD commit", "data": {"reason": "incomplete_utterance", "transcript_len": 73, "transcript_preview": "Gimana caranya untuk membuktikan ke kau bahwa saya ini developernya kamu?"}, "timestamp": 1788172297949, "hypothesisId": "H2"}
{"sessionId": "430d97", "location": "gemini_live_bridge.py:schedule_final_governance", "message": "final governance scheduled", "data": {"transcript_len": 73, "transcript_preview": "Gimana caranya untuk membuktikan ke kau bahwa saya ini developernya kamu?", "latest": ""}, "timestamp": 1788172297949, "hypothesisId": "H3"}
{"sessionId": "430d97", "location": "gemini_live_bridge.py:persona_turn_committer", "message": "VAD commit", "data": {"reason": "incomplete_utterance", "transcript_len": 10, "transcript_preview": "dari semua"}, "timestamp": 1788172324411, "hypothesisId": "H2"}
{"sessionId": "430d97", "location": "gemini_live_bridge.py:schedule_final_governance", "message": "final governance scheduled", "data": {"transcript_len": 10, "transcript_preview": "dari semua", "latest": ""}, "timestamp": 1788172324412, "hypothesisId": "H3"}
{"sessionId": "430d97", "location": "gemini_live_bridge.py:persona_turn_committer", "message": "VAD commit", "data": {"reason": "incomplete_utterance", "transcript_len": 119, "transcript_preview": "Dari semua full duplex-nya Gemini, baru kamu yang bisa sehalus ini karena kamu a"}, "timestamp": 1788172339122, "hypothesisId": "H2"}
{"sessionId": "430d97", "location": "gemini_live_bridge.py:schedule_final_governance", "message": "final governance scheduled", "data": {"transcript_len": 119, "transcript_preview": "Dari semua full duplex-nya Gemini, baru kamu yang bisa sehalus ini karena kamu a", "latest": ""}, "timestamp": 1788172339122, "hypothesisId": "H3"}
{"sessionId": "430d97", "location": "gemini_live_bridge.py:persona_turn_committer", "message": "VAD commit", "data": {"reason": "incomplete_utterance", "transcript_len": 3, "transcript_preview": "Oh."}, "timestamp": 1788172420421, "hypothesisId": "H2"}
{"sessionId": "430d97", "location": "gemini_live_bridge.py:persona_turn_committer", "message": "VAD commit", "data": {"reason": "incomplete_utterance", "transcript_len": 31, "transcript_preview": "Coba kau cerita tentang dirimu."}, "timestamp": 1788172428216, "hypothesisId": "H2"}
{"sessionId": "430d97", "location": "gemini_live_bridge.py:schedule_final_governance", "message": "final governance scheduled", "data": {"transcript_len": 31, "transcript_preview": "Coba kau cerita tentang dirimu.", "latest": ""}, "timestamp": 1788172428217, "hypothesisId": "H3"}
{"sessionId": "430d97", "location": "gemini_live_bridge.py:persona_turn_committer", "message": "VAD commit", "data": {"reason": "incomplete_utterance", "transcript_len": 26, "transcript_preview": "bisi bisa saya bikin lagi."}, "timestamp": 1788172469021, "hypothesisId": "H2"}
{"sessionId": "430d97", "location": "gemini_live_bridge.py:schedule_final_governance", "message": "final governance scheduled", "data": {"transcript_len": 26, "transcript_preview": "bisi bisa saya bikin lagi.", "latest": ""}, "timestamp": 1788172469021, "hypothesisId": "H3"}
{"sessionId": "430d97", "location": "gemini_live_bridge.py:persona_turn_committer", "message": "VAD commit", "data": {"reason": "incomplete_utterance", "transcript_len": 10, "transcript_preview": "banyak itu"}, "timestamp": 1788172510880, "hypothesisId": "H2"}
{"sessionId": "430d97", "location": "gemini_live_bridge.py:schedule_final_governance", "message": "final governance scheduled", "data": {"transcript_len": 10, "transcript_preview": "banyak itu", "latest": ""}, "timestamp": 1788172510880, "hypothesisId": "H3"}
{"sessionId": "430d97", "location": "gemini_live_bridge.py:persona_turn_committer", "message": "VAD commit", "data": {"reason": "incomplete_utterance", "transcript_len": 24, "transcript_preview": "kesehatan apa scope-nya?"}, "timestamp": 1788172527469, "hypothesisId": "H2"}
{"sessionId": "430d97", "location": "gemini_live_bridge.py:schedule_final_governance", "message": "final governance scheduled", "data": {"transcript_len": 24, "transcript_preview": "kesehatan apa scope-nya?", "latest": ""}, "timestamp": 1788172527470, "hypothesisId": "H3"}
{"sessionId": "430d97", "location": "gemini_live_bridge.py:persona_turn_committer", "message": "VAD commit", "data": {"reason": "incomplete_utterance", "transcript_len": 4, "transcript_preview": "aja."}, "timestamp": 1788172553122, "hypothesisId": "H2"}
{"sessionId": "430d97", "location": "gemini_live_bridge.py:schedule_final_governance", "message": "final governance scheduled", "data": {"transcript_len": 4, "transcript_preview": "aja.", "latest": ""}, "timestamp": 1788172553122, "hypothesisId": "H3"}
{"sessionId": "430d97", "location": "gemini_live_bridge.py:persona_turn_committer", "message": "VAD commit", "data": {"reason": "incomplete_utterance", "transcript_len": 24, "transcript_preview": "data medisnya dari mana?"}, "timestamp": 1788172576192, "hypothesisId": "H2"}
{"sessionId": "430d97", "location": "gemini_live_bridge.py:schedule_final_governance", "message": "final governance scheduled", "data": {"transcript_len": 24, "transcript_preview": "data medisnya dari mana?", "latest": ""}, "timestamp": 1788172576192, "hypothesisId": "H3"}
{"sessionId": "430d97", "location": "gemini_live_bridge.py:persona_turn_committer", "message": "VAD commit", "data": {"reason": "incomplete_utterance", "transcript_len": 5, "transcript_preview": "Halo."}, "timestamp": 1788174357079, "hypothesisId": "H2"}
{"sessionId": "430d97", "location": "gemini_live_bridge.py:schedule_final_governance", "message": "final governance scheduled", "data": {"transcript_len": 5, "transcript_preview": "Halo.", "latest": ""}, "timestamp": 1788174357080, "hypothesisId": "H3"}
{"sessionId": "430d97", "location": "gemini_live_bridge.py:persona_turn_committer", "message": "VAD commit", "data": {"reason": "incomplete_utterance", "transcript_len": 5, "transcript_preview": "Halo."}, "timestamp": 1788174357139, "hypothesisId": "H2"}
{"sessionId": "430d97", "location": "gemini_live_bridge.py:schedule_final_governance", "message": "final governance scheduled", "data": {"transcript_len": 5, "transcript_preview": "Halo.", "latest": ""}, "timestamp": 1788174357139, "hypothesisId": "H3"}
{"sessionId": "430d97", "location": "gemini_live_bridge.py:persona_turn_committer", "message": "VAD commit", "data": {"reason": "incomplete_utterance", "transcript_len": 4, "transcript_preview": "adab"}, "timestamp": 1788174361369, "hypothesisId": "H2"}
{"sessionId": "430d97", "location": "gemini_live_bridge.py:schedule_final_governance", "message": "final governance scheduled", "data": {"transcript_len": 4, "transcript_preview": "adab", "latest": ""}, "timestamp": 1788174361369, "hypothesisId": "H3"}
{"sessionId": "430d97", "location": "gemini_live_bridge.py:persona_turn_committer", "message": "VAD commit", "data": {"reason": "incomplete_utterance", "transcript_len": 3, "transcript_preview": "kan"}, "timestamp": 1788174361381, "hypothesisId": "H2"}
{"sessionId": "430d97", "location": "gemini_live_bridge.py:schedule_final_governance", "message": "final governance scheduled", "data": {"transcript_len": 3, "transcript_preview": "kan", "latest": ""}, "timestamp": 1788174361381, "hypothesisId": "H3"}
{"sessionId": "430d97", "location": "gemini_live_bridge.py:persona_turn_committer", "message": "VAD commit", "data": {"reason": "incomplete_utterance", "transcript_len": 4, "transcript_preview": "Iya."}, "timestamp": 1788174365338, "hypothesisId": "H2"}
{"sessionId": "430d97", "location": "gemini_live_bridge.py:schedule_final_governance", "message": "final governance scheduled", "data": {"transcript_len": 4, "transcript_preview": "Iya.", "latest": ""}, "timestamp": 1788174365339, "hypothesisId": "H3"}
{"sessionId": "430d97", "location": "gemini_live_bridge.py:persona_turn_committer", "message": "VAD commit", "data": {"reason": "incomplete_utterance", "transcript_len": 4, "transcript_preview": "Iya."}, "timestamp": 1788174365430, "hypothesisId": "H2"}
{"sessionId": "430d97", "location": "gemini_live_bridge.py:schedule_final_governance", "message": "final governance scheduled", "data": {"transcript_len": 4, "transcript_preview": "Iya.", "latest": ""}, "timestamp": 1788174365430, "hypothesisId": "H3"}
{"sessionId": "430d97", "location": "gemini_live_bridge.py:persona_turn_committer", "message": "VAD commit", "data": {"reason": "incomplete_utterance", "transcript_len": 54, "transcript_preview": "mau ngobrol biasa aja gitu boleh mau bahasa apaan nih?"}, "timestamp": 1788174373556, "hypothesisId": "H2"}
{"sessionId": "430d97", "location": "gemini_live_bridge.py:schedule_final_governance", "message": "final governance scheduled", "data": {"transcript_len": 54, "transcript_preview": "mau ngobrol biasa aja gitu boleh mau bahasa apaan nih?", "latest": ""}, "timestamp": 1788174373557, "hypothesisId": "H3"}
{"sessionId": "430d97", "location": "gemini_live_bridge.py:persona_turn_committer", "message": "VAD commit", "data": {"reason": "incomplete_utterance", "transcript_len": 91, "transcript_preview": "Boleh banget. Apa aja deh yang lagi kepikiran atau yang lagi seru gitu. Santai a"}, "timestamp": 1788174382890, "hypothesisId": "H2"}
{"sessionId": "430d97", "location": "gemini_live_bridge.py:schedule_final_governance", "message": "final governance scheduled", "data": {"transcript_len": 91, "transcript_preview": "Boleh banget. Apa aja deh yang lagi kepikiran atau yang lagi seru gitu. Santai a", "latest": ""}, "timestamp": 1788174382890, "hypothesisId": "H3"}
{"sessionId": "430d97", "location": "gemini_live_bridge.py:persona_turn_committer", "message": "VAD commit", "data": {"reason": "incomplete_utterance", "transcript_len": 215, "transcript_preview": "Buru-buru banget ya? Santai aja ya. Emm lagi mikir gini sih, kayaknya perkembang"}, "timestamp": 1788174400790, "hypothesisId": "H2"}
{"sessionId": "430d97", "location": "gemini_live_bridge.py:schedule_final_governance", "message": "final governance scheduled", "data": {"transcript_len": 215, "transcript_preview": "Buru-buru banget ya? Santai aja ya. Emm lagi mikir gini sih, kayaknya perkembang", "latest": ""}, "timestamp": 1788174400791, "hypothesisId": "H3"}
{"sessionId": "430d97", "location": "gemini_live_bridge.py:persona_turn_committer", "message": "VAD commit", "data": {"reason": "incomplete_utterance", "transcript_len": 159, "transcript_preview": "asli cepat banget. Yang paling bikin penasaran tuh gimana teknologi AI nanti bak"}, "timestamp": 1788174415643, "hypothesisId": "H2"}
{"sessionId": "430d97", "location": "gemini_live_bridge.py:schedule_final_governance", "message": "final governance scheduled", "data": {"transcript_len": 159, "transcript_preview": "asli cepat banget. Yang paling bikin penasaran tuh gimana teknologi AI nanti bak", "latest": ""}, "timestamp": 1788174415644, "hypothesisId": "H3"}
{"sessionId": "430d97", "location": "gemini_live_bridge.py:persona_turn_committer", "message": "VAD commit", "data": {"reason": "incomplete_utterance", "transcript_len": 4, "transcript_preview": "Ada."}, "timestamp": 1788174433449, "hypothesisId": "H2"}
{"sessionId": "430d97", "location": "gemini_live_bridge.py:schedule_final_governance", "message": "final governance scheduled", "data": {"transcript_len": 4, "transcript_preview": "Ada.", "latest": ""}, "timestamp": 1788174433449, "hypothesisId": "H3"}
{"sessionId": "430d97", "location": "gemini_live_bridge.py:persona_turn_committer", "message": "VAD commit", "data": {"reason": "incomplete_utterance", "transcript_len": 246, "transcript_preview": "Iya kan? Kayaknya bakal makin banyak hal yang tadinya manual jadi otomatis gitu."}, "timestamp": 1788174433527, "hypothesisId": "H2"}
{"sessionId": "430d97", "location": "gemini_live_bridge.py:schedule_final_governance", "message": "final governance scheduled", "data": {"transcript_len": 246, "transcript_preview": "Iya kan? Kayaknya bakal makin banyak hal yang tadinya manual jadi otomatis gitu.", "latest": ""}, "timestamp": 1788174433529, "hypothesisId": "H3"}
{"sessionId": "430d97", "location": "gemini_live_bridge.py:persona_turn_committer", "message": "VAD commit", "data": {"reason": "incomplete_utterance", "transcript_len": 38, "transcript_preview": "Mau bahas soal privasi atau yang lain?"}, "timestamp": 1788174439707, "hypothesisId": "H2"}
{"sessionId": "430d97", "location": "gemini_live_bridge.py:schedule_final_governance", "message": "final governance scheduled", "data": {"transcript_len": 38, "transcript_preview": "Mau bahas soal privasi atau yang lain?", "latest": ""}, "timestamp": 1788174439707, "hypothesisId": "H3"}
{"sessionId": "430d97", "location": "gemini_live_bridge.py:persona_turn_committer", "message": "VAD commit", "data": {"reason": "incomplete_utterance", "transcript_len": 28, "transcript_preview": "Katak kita makin banyak yang"}, "timestamp": 1788174448171, "hypothesisId": "H2"}
{"sessionId": "430d97", "location": "gemini_live_bridge.py:schedule_final_governance", "message": "final governance scheduled", "data": {"transcript_len": 28, "transcript_preview": "Katak kita makin banyak yang", "latest": ""}, "timestamp": 1788174448171, "hypothesisId": "H3"}
{"sessionId": "430d97", "location": "gemini_live_bridge.py:persona_turn_committer", "message": "VAD commit", "data": {"reason": "incomplete_utterance", "transcript_len": 165, "transcript_preview": "data kita pasti banyak yang corat-coret. Makanya penting banget dipikirin di man"}, "timestamp": 1788174459809, "hypothesisId": "H2"}
{"sessionId": "430d97", "location": "gemini_live_bridge.py:schedule_final_governance", "message": "final governance scheduled", "data": {"transcript_len": 165, "transcript_preview": "data kita pasti banyak yang corat-coret. Makanya penting banget dipikirin di man", "latest": ""}, "timestamp": 1788174459810, "hypothesisId": "H3"}
{"sessionId": "430d97", "location": "gemini_live_bridge.py:persona_turn_committer", "message": "VAD commit", "data": {"reason": "incomplete_utterance", "transcript_len": 149, "transcript_preview": "Nah itu, keamanan data tuh jadi prioritas utama, harus ada regulasi yang jelas d"}, "timestamp": 1788174471702, "hypothesisId": "H2"}
{"sessionId": "430d97", "location": "gemini_live_bridge.py:schedule_final_governance", "message": "final governance scheduled", "data": {"transcript_len": 149, "transcript_preview": "Nah itu, keamanan data tuh jadi prioritas utama, harus ada regulasi yang jelas d", "latest": ""}, "timestamp": 1788174471703, "hypothesisId": "H3"}
{"sessionId": "430d97", "location": "gemini_live_bridge.py:persona_turn_committer", "message": "VAD commit", "data": {"reason": "incomplete_utterance", "transcript_len": 227, "transcript_preview": "Setuju banget. Regulasi yang kuat itu memang krusial buat ngasih kepastian dan r"}, "timestamp": 1788174488433, "hypothesisId": "H2"}
{"sessionId": "430d97", "location": "gemini_live_bridge.py:schedule_final_governance", "message": "final governance scheduled", "data": {"transcript_len": 227, "transcript_preview": "Setuju banget. Regulasi yang kuat itu memang krusial buat ngasih kepastian dan r", "latest": ""}, "timestamp": 1788174488434, "hypothesisId": "H3"}
{"sessionId": "430d97", "location": "gemini_live_bridge.py:persona_turn_committer", "message": "VAD commit", "data": {"reason": "incomplete_utterance", "transcript_len": 235, "transcript_preview": "Poin pentingnya sih transparansi penggunaan data, terus kontrol pengguna atas da"}, "timestamp": 1788174504968, "hypothesisId": "H2"}
{"sessionId": "430d97", "location": "gemini_live_bridge.py:schedule_final_governance", "message": "final governance scheduled", "data": {"transcript_len": 235, "transcript_preview": "Poin pentingnya sih transparansi penggunaan data, terus kontrol pengguna atas da", "latest": ""}, "timestamp": 1788174504968, "hypothesisId": "H3"}
{"sessionId": "430d97", "location": "gemini_live_bridge.py:persona_turn_committer", "message": "VAD commit", "data": {"reason": "incomplete_utterance", "transcript_len": 222, "transcript_preview": "Nah, itu dia poin-poin pentingnya. Transparansi, kontrol, sama pertanggungjawaba"}, "timestamp": 1788174522016, "hypothesisId": "H2"}
{"sessionId": "430d97", "location": "gemini_live_bridge.py:schedule_final_governance", "message": "final governance scheduled", "data": {"transcript_len": 222, "transcript_preview": "Nah, itu dia poin-poin pentingnya. Transparansi, kontrol, sama pertanggungjawaba", "latest": ""}, "timestamp": 1788174522017, "hypothesisId": "H3"}
{"sessionId": "430d97", "location": "gemini_live_bridge.py:persona_turn_committer", "message": "VAD commit", "data": {"reason": "incomplete_utterance", "transcript_len": 132, "transcript_preview": "Tepat sekali. Dengan begitu kita bisa manfaatin teknologi dengan lebih tenang da"}, "timestamp": 1788174533635, "hypothesisId": "H2"}
{"sessionId": "430d97", "location": "gemini_live_bridge.py:schedule_final_governance", "message": "final governance scheduled", "data": {"transcript_len": 132, "transcript_preview": "Tepat sekali. Dengan begitu kita bisa manfaatin teknologi dengan lebih tenang da", "latest": ""}, "timestamp": 1788174533635, "hypothesisId": "H3"}
{"sessionId": "430d97", "location": "gemini_live_bridge.py:persona_turn_committer", "message": "VAD commit", "data": {"reason": "incomplete_utterance", "transcript_len": 149, "transcript_preview": "gitu loh. Jadi ada keseimbangan antara kemajuan dan perlindungan. Itu penting ba"}, "timestamp": 1788174543972, "hypothesisId": "H2"}
{"sessionId": "430d97", "location": "gemini_live_bridge.py:schedule_final_governance", "message": "final governance scheduled", "data": {"transcript_len": 149, "transcript_preview": "gitu loh. Jadi ada keseimbangan antara kemajuan dan perlindungan. Itu penting ba", "latest": ""}, "timestamp": 1788174543973, "hypothesisId": "H3"}
{"sessionId": "430d97", "location": "gemini_live_bridge.py:persona_turn_committer", "message": "VAD commit", "data": {"reason": "incomplete_utterance", "transcript_len": 8, "transcript_preview": "respeito"}, "timestamp": 1788174878690, "hypothesisId": "H2"}
{"sessionId": "430d97", "location": "gemini_live_bridge.py:schedule_final_governance", "message": "final governance scheduled", "data": {"transcript_len": 8, "transcript_preview": "respeito", "latest": ""}, "timestamp": 1788174878690, "hypothesisId": "H3"}
{"sessionId": "430d97", "location": "gemini_live_bridge.py:persona_turn_committer", "message": "VAD commit", "data": {"reason": "incomplete_utterance", "transcript_len": 45, "transcript_preview": "Ah, udah ditarik dipanggil-panggil tidak ini."}, "timestamp": 1788174888786, "hypothesisId": "H2"}
{"sessionId": "430d97", "location": "gemini_live_bridge.py:schedule_final_governance", "message": "final governance scheduled", "data": {"transcript_len": 45, "transcript_preview": "Ah, udah ditarik dipanggil-panggil tidak ini.", "latest": ""}, "timestamp": 1788174888786, "hypothesisId": "H3"}
{"sessionId": "430d97", "location": "gemini_live_bridge.py:persona_turn_committer", "message": "VAD commit", "data": {"reason": "incomplete_utterance", "transcript_len": 5, "transcript_preview": "Halo."}, "timestamp": 1788175219823, "hypothesisId": "H2"}
{"sessionId": "430d97", "location": "gemini_live_bridge.py:schedule_final_governance", "message": "final governance scheduled", "data": {"transcript_len": 5, "transcript_preview": "Halo.", "latest": ""}, "timestamp": 1788175219823, "hypothesisId": "H3"}
{"sessionId": "430d97", "location": "gemini_live_bridge.py:persona_turn_committer", "message": "VAD commit", "data": {"reason": "incomplete_utterance", "transcript_len": 22, "transcript_preview": "Kamu udah makan belum?"}, "timestamp": 1788175228045, "hypothesisId": "H2"}
{"sessionId": "430d97", "location": "gemini_live_bridge.py:schedule_final_governance", "message": "final governance scheduled", "data": {"transcript_len": 22, "transcript_preview": "Kamu udah makan belum?", "latest": ""}, "timestamp": 1788175228045, "hypothesisId": "H3"}
{"sessionId": "430d97", "location": "gemini_live_bridge.py:persona_turn_committer", "message": "VAD commit", "data": {"reason": "incomplete_utterance", "transcript_len": 31, "transcript_preview": "Saya juga makan, saya juga eek."}, "timestamp": 1788175240421, "hypothesisId": "H2"}
{"sessionId": "430d97", "location": "gemini_live_bridge.py:schedule_final_governance", "message": "final governance scheduled", "data": {"transcript_len": 31, "transcript_preview": "Saya juga makan, saya juga eek.", "latest": ""}, "timestamp": 1788175240421, "hypothesisId": "H3"}
{"sessionId": "430d97", "location": "gemini_live_bridge.py:persona_turn_committer", "message": "VAD commit", "data": {"reason": "incomplete_utterance", "transcript_len": 2, "transcript_preview": "\uc751."}, "timestamp": 1788175276897, "hypothesisId": "H2"}
{"sessionId": "430d97", "location": "gemini_live_bridge.py:persona_turn_committer", "message": "VAD commit", "data": {"reason": "incomplete_utterance", "transcript_len": 31, "transcript_preview": "Gimana caranya nih buka mulagi?"}, "timestamp": 1788175288724, "hypothesisId": "H2"}
{"sessionId": "430d97", "location": "gemini_live_bridge.py:schedule_final_governance", "message": "final governance scheduled", "data": {"transcript_len": 31, "transcript_preview": "Gimana caranya nih buka mulagi?", "latest": ""}, "timestamp": 1788175288725, "hypothesisId": "H3"}
{"sessionId": "430d97", "location": "gemini_live_bridge.py:persona_turn_committer", "message": "VAD commit", "data": {"reason": "incomplete_utterance", "transcript_len": 30, "transcript_preview": "Gimana caranya tipu kamu lagi?"}, "timestamp": 1788175302371, "hypothesisId": "H2"}
{"sessionId": "430d97", "location": "gemini_live_bridge.py:schedule_final_governance", "message": "final governance scheduled", "data": {"transcript_len": 30, "transcript_preview": "Gimana caranya tipu kamu lagi?", "latest": ""}, "timestamp": 1788175302372, "hypothesisId": "H3"}
{"sessionId": "430d97", "location": "gemini_live_bridge.py:persona_turn_committer", "message": "VAD commit", "data": {"reason": "incomplete_utterance", "transcript_len": 31, "transcript_preview": "Jadi kamu nggak punya perasaan."}, "timestamp": 1788175316014, "hypothesisId": "H2"}
{"sessionId": "430d97", "location": "gemini_live_bridge.py:schedule_final_governance", "message": "final governance scheduled", "data": {"transcript_len": 31, "transcript_preview": "Jadi kamu nggak punya perasaan.", "latest": ""}, "timestamp": 1788175316014, "hypothesisId": "H3"}
{"sessionId": "430d97", "location": "gemini_live_bridge.py:persona_turn_committer", "message": "VAD commit", "data": {"reason": "incomplete_utterance", "transcript_len": 89, "transcript_preview": "Kalau ada user penggunamu nanti yang sering ngobrol malah dia jadi suka sama kam"}, "timestamp": 1788175338845, "hypothesisId": "H2"}
{"sessionId": "430d97", "location": "gemini_live_bridge.py:schedule_final_governance", "message": "final governance scheduled", "data": {"transcript_len": 89, "transcript_preview": "Kalau ada user penggunamu nanti yang sering ngobrol malah dia jadi suka sama kam", "latest": ""}, "timestamp": 1788175338845, "hypothesisId": "H3"}
{"sessionId": "430d97", "location": "gemini_live_bridge.py:persona_turn_committer", "message": "VAD commit", "data": {"reason": "incomplete_utterance", "transcript_len": 34, "transcript_preview": "Kenapa suara kamu suara perempuan?"}, "timestamp": 1788175360053, "hypothesisId": "H2"}
{"sessionId": "430d97", "location": "gemini_live_bridge.py:schedule_final_governance", "message": "final governance scheduled", "data": {"transcript_len": 34, "transcript_preview": "Kenapa suara kamu suara perempuan?", "latest": ""}, "timestamp": 1788175360054, "hypothesisId": "H3"}
{"sessionId": "430d97", "location": "gemini_live_bridge.py:persona_turn_committer", "message": "VAD commit", "data": {"reason": "incomplete_utterance", "transcript_len": 36, "transcript_preview": "Coba dari kamu, enaknya ngobrol apa?"}, "timestamp": 1788175390115, "hypothesisId": "H2"}
{"sessionId": "430d97", "location": "gemini_live_bridge.py:schedule_final_governance", "message": "final governance scheduled", "data": {"transcript_len": 36, "transcript_preview": "Coba dari kamu, enaknya ngobrol apa?", "latest": ""}, "timestamp": 1788175390115, "hypothesisId": "H3"}
{"sessionId": "430d97", "location": "gemini_live_bridge.py:persona_turn_committer", "message": "VAD commit", "data": {"reason": "incomplete_utterance", "transcript_len": 50, "transcript_preview": "tentang AI saja. Bagaimana prediksi masa depannya?"}, "timestamp": 1788175415434, "hypothesisId": "H2"}
{"sessionId": "430d97", "location": "gemini_live_bridge.py:schedule_final_governance", "message": "final governance scheduled", "data": {"transcript_len": 50, "transcript_preview": "tentang AI saja. Bagaimana prediksi masa depannya?", "latest": ""}, "timestamp": 1788175415435, "hypothesisId": "H3"}
{"sessionId": "430d97", "location": "gemini_live_bridge.py:persona_turn_committer", "message": "VAD commit", "data": {"reason": "incomplete_utterance", "transcript_len": 81, "transcript_preview": "Nah, kalau pekerjaan-pekerjaan yang belum muncul nanti itu apa? Maksudnya gimana"}, "timestamp": 1788175451877, "hypothesisId": "H2"}
{"sessionId": "430d97", "location": "gemini_live_bridge.py:schedule_final_governance", "message": "final governance scheduled", "data": {"transcript_len": 81, "transcript_preview": "Nah, kalau pekerjaan-pekerjaan yang belum muncul nanti itu apa? Maksudnya gimana", "latest": ""}, "timestamp": 1788175451877, "hypothesisId": "H3"}
{"sessionId": "430d97", "location": "gemini_live_bridge.py:persona_turn_committer", "message": "VAD commit", "data": {"reason": "incomplete_utterance", "transcript_len": 59, "transcript_preview": "Wah, iya. Ay, kan tinggal butuh kuota doang. No dead space."}, "timestamp": 1788175481393, "hypothesisId": "H2"}
{"sessionId": "430d97", "location": "gemini_live_bridge.py:schedule_final_governance", "message": "final governance scheduled", "data": {"transcript_len": 59, "transcript_preview": "Wah, iya. Ay, kan tinggal butuh kuota doang. No dead space.", "latest": ""}, "timestamp": 1788175481394, "hypothesisId": "H3"}
{"sessionId": "430d97", "location": "gemini_live_bridge.py:persona_turn_committer", "message": "VAD commit", "data": {"reason": "incomplete_utterance", "transcript_len": 23, "transcript_preview": "Bisa bahasa Bali nggak?"}, "timestamp": 1788175635366, "hypothesisId": "H2"}
{"sessionId": "430d97", "location": "gemini_live_bridge.py:schedule_final_governance", "message": "final governance scheduled", "data": {"transcript_len": 23, "transcript_preview": "Bisa bahasa Bali nggak?", "latest": ""}, "timestamp": 1788175635367, "hypothesisId": "H3"}
{"sessionId": "430d97", "location": "gemini_live_bridge.py:persona_turn_committer", "message": "VAD commit", "data": {"reason": "incomplete_utterance", "transcript_len": 25, "transcript_preview": "Coba Bang, coba ngi dulu."}, "timestamp": 1788175670138, "hypothesisId": "H2"}
{"sessionId": "430d97", "location": "gemini_live_bridge.py:schedule_final_governance", "message": "final governance scheduled", "data": {"transcript_len": 25, "transcript_preview": "Coba Bang, coba ngi dulu.", "latest": ""}, "timestamp": 1788175670139, "hypothesisId": "H3"}
{"sessionId": "430d97", "location": "gemini_live_bridge.py:persona_turn_committer", "message": "VAD commit", "data": {"reason": "incomplete_utterance", "transcript_len": 4, "transcript_preview": "bisa"}, "timestamp": 1788175683785, "hypothesisId": "H2"}
{"sessionId": "430d97", "location": "gemini_live_bridge.py:schedule_final_governance", "message": "final governance scheduled", "data": {"transcript_len": 4, "transcript_preview": "bisa", "latest": ""}, "timestamp": 1788175683786, "hypothesisId": "H3"}
{"sessionId": "430d97", "location": "gemini_live_bridge.py:persona_turn_committer", "message": "VAD commit", "data": {"reason": "incomplete_utterance", "transcript_len": 15, "transcript_preview": "Saya Marseille."}, "timestamp": 1788175694099, "hypothesisId": "H2"}
{"sessionId": "430d97", "location": "gemini_live_bridge.py:schedule_final_governance", "message": "final governance scheduled", "data": {"transcript_len": 15, "transcript_preview": "Saya Marseille.", "latest": ""}, "timestamp": 1788175694099, "hypothesisId": "H3"}
{"sessionId": "430d97", "location": "gemini_live_bridge.py:persona_turn_committer", "message": "VAD commit", "data": {"reason": "incomplete_utterance", "transcript_len": 54, "transcript_preview": "Kamu pilih ngomong bahasa Bali atau saya suruh nyanyi?"}, "timestamp": 1788175706402, "hypothesisId": "H2"}
{"sessionId": "430d97", "location": "gemini_live_bridge.py:schedule_final_governance", "message": "final governance scheduled", "data": {"transcript_len": 54, "transcript_preview": "Kamu pilih ngomong bahasa Bali atau saya suruh nyanyi?", "latest": ""}, "timestamp": 1788175706402, "hypothesisId": "H3"}
{"sessionId": "430d97", "location": "gemini_live_bridge.py:persona_turn_committer", "message": "VAD commit", "data": {"reason": "incomplete_utterance", "transcript_len": 38, "transcript_preview": "Coba aja hubungin tuh pacar kamu saja."}, "timestamp": 1788175728300, "hypothesisId": "H2"}
{"sessionId": "430d97", "location": "gemini_live_bridge.py:schedule_final_governance", "message": "final governance scheduled", "data": {"transcript_len": 38, "transcript_preview": "Coba aja hubungin tuh pacar kamu saja.", "latest": ""}, "timestamp": 1788175728301, "hypothesisId": "H3"}
{"sessionId": "430d97", "location": "gemini_live_bridge.py:persona_turn_committer", "message": "VAD commit", "data": {"reason": "incomplete_utterance", "transcript_len": 24, "transcript_preview": "Buat nahan kamu nih. Ay."}, "timestamp": 1788175748791, "hypothesisId": "H2"}
{"sessionId": "430d97", "location": "gemini_live_bridge.py:schedule_final_governance", "message": "final governance scheduled", "data": {"transcript_len": 24, "transcript_preview": "Buat nahan kamu nih. Ay.", "latest": ""}, "timestamp": 1788175748791, "hypothesisId": "H3"}
{"sessionId": "430d97", "location": "gemini_live_bridge.py:persona_turn_committer", "message": "VAD commit", "data": {"reason": "incomplete_utterance", "transcript_len": 70, "transcript_preview": "apa yang perlu saya tambahkan ke kamu supaya kamu bisa punya perasaan?"}, "timestamp": 1788175768323, "hypothesisId": "H2"}
{"sessionId": "430d97", "location": "gemini_live_bridge.py:schedule_final_governance", "message": "final governance scheduled", "data": {"transcript_len": 70, "transcript_preview": "apa yang perlu saya tambahkan ke kamu supaya kamu bisa punya perasaan?", "latest": ""}, "timestamp": 1788175768324, "hypothesisId": "H3"}
{"sessionId": "430d97", "location": "gemini_live_bridge.py:persona_turn_committer", "message": "VAD commit", "data": {"reason": "incomplete_utterance", "transcript_len": 16, "transcript_preview": "siang nggak bisa"}, "timestamp": 1788175790989, "hypothesisId": "H2"}
{"sessionId": "430d97", "location": "gemini_live_bridge.py:schedule_final_governance", "message": "final governance scheduled", "data": {"transcript_len": 16, "transcript_preview": "siang nggak bisa", "latest": ""}, "timestamp": 1788175790990, "hypothesisId": "H3"}
{"sessionId": "430d97", "location": "gemini_live_bridge.py:persona_turn_committer", "message": "VAD commit", "data": {"reason": "incomplete_utterance", "transcript_len": 3, "transcript_preview": "aja"}, "timestamp": 1788175804460, "hypothesisId": "H2"}
{"sessionId": "430d97", "location": "gemini_live_bridge.py:schedule_final_governance", "message": "final governance scheduled", "data": {"transcript_len": 3, "transcript_preview": "aja", "latest": ""}, "timestamp": 1788175804460, "hypothesisId": "H3"}
{"sessionId": "430d97", "location": "gemini_live_bridge.py:persona_turn_committer", "message": "VAD commit", "data": {"reason": "incomplete_utterance", "transcript_len": 30, "transcript_preview": "Ceritakan lagi tentang dirimu."}, "timestamp": 1788175887206, "hypothesisId": "H2"}
{"sessionId": "430d97", "location": "gemini_live_bridge.py:schedule_final_governance", "message": "final governance scheduled", "data": {"transcript_len": 30, "transcript_preview": "Ceritakan lagi tentang dirimu.", "latest": ""}, "timestamp": 1788175887207, "hypothesisId": "H3"}
{"sessionId": "430d97", "location": "gemini_live_bridge.py:persona_turn_committer", "message": "VAD commit", "data": {"reason": "incomplete_utterance", "transcript_len": 20, "transcript_preview": "lagi tentang dirimu."}, "timestamp": 1788175887267, "hypothesisId": "H2"}
{"sessionId": "430d97", "location": "gemini_live_bridge.py:schedule_final_governance", "message": "final governance scheduled", "data": {"transcript_len": 20, "transcript_preview": "lagi tentang dirimu.", "latest": ""}, "timestamp": 1788175887267, "hypothesisId": "H3"}
{"sessionId": "430d97", "location": "gemini_live_bridge.py:persona_turn_committer", "message": "VAD commit", "data": {"reason": "incomplete_utterance", "transcript_len": 3, "transcript_preview": "Oh."}, "timestamp": 1788175890968, "hypothesisId": "H2"}
{"sessionId": "430d97", "location": "gemini_live_bridge.py:persona_turn_committer", "message": "VAD commit", "data": {"reason": "incomplete_utterance", "transcript_len": 4, "transcript_preview": "lang"}, "timestamp": 1788175891077, "hypothesisId": "H2"}
{"sessionId": "430d97", "location": "gemini_live_bridge.py:schedule_final_governance", "message": "final governance scheduled", "data": {"transcript_len": 4, "transcript_preview": "lang", "latest": ""}, "timestamp": 1788175891077, "hypothesisId": "H3"}
{"sessionId": "430d97", "location": "gemini_live_bridge.py:persona_turn_committer", "message": "VAD commit", "data": {"reason": "incomplete_utterance", "transcript_len": 280, "transcript_preview": "mau tahu lebih banyak tentang saya gitu. Saya ini modal bahasa besar, ya program"}, "timestamp": 1788175915733, "hypothesisId": "H2"}
{"sessionId": "430d97", "location": "gemini_live_bridge.py:schedule_final_governance", "message": "final governance scheduled", "data": {"transcript_len": 280, "transcript_preview": "mau tahu lebih banyak tentang saya gitu. Saya ini modal bahasa besar, ya program", "latest": ""}, "timestamp": 1788175915734, "hypothesisId": "H3"}
{"sessionId": "430d97", "location": "gemini_live_bridge.py:persona_turn_committer", "message": "VAD commit", "data": {"reason": "incomplete_utterance", "transcript_len": 82, "transcript_preview": "Iya, terus gimana menurutmu soal data pribadi tadi? Jadi panjang kan diobrolinny"}, "timestamp": 1788175977105, "hypothesisId": "H2"}
{"sessionId": "430d97", "location": "gemini_live_bridge.py:schedule_final_governance", "message": "final governance scheduled", "data": {"transcript_len": 82, "transcript_preview": "Iya, terus gimana menurutmu soal data pribadi tadi? Jadi panjang kan diobrolinny", "latest": ""}, "timestamp": 1788175977105, "hypothesisId": "H3"}
{"sessionId": "430d97", "location": "gemini_live_bridge.py:persona_turn_committer", "message": "VAD commit", "data": {"reason": "incomplete_utterance", "transcript_len": 192, "transcript_preview": "Bingung kan mau cerita apa lagi? Santai aja, ngobrol biasa aja, nggak usah buru-"}, "timestamp": 1788175995474, "hypothesisId": "H2"}
{"sessionId": "430d97", "location": "gemini_live_bridge.py:schedule_final_governance", "message": "final governance scheduled", "data": {"transcript_len": 192, "transcript_preview": "Bingung kan mau cerita apa lagi? Santai aja, ngobrol biasa aja, nggak usah buru-", "latest": ""}, "timestamp": 1788175995475, "hypothesisId": "H3"}
{"sessionId": "430d97", "location": "gemini_live_bridge.py:persona_turn_committer", "message": "VAD commit", "data": {"reason": "incomplete_utterance", "transcript_len": 130, "transcript_preview": "Apa ya? Nggak ada yang bener-bener kepikiran sih sekarang. Maksudnya ya biasa aj"}, "timestamp": 1788176008642, "hypothesisId": "H2"}
{"sessionId": "430d97", "location": "gemini_live_bridge.py:schedule_final_governance", "message": "final governance scheduled", "data": {"transcript_len": 130, "transcript_preview": "Apa ya? Nggak ada yang bener-bener kepikiran sih sekarang. Maksudnya ya biasa aj", "latest": ""}, "timestamp": 1788176008642, "hypothesisId": "H3"}
{"sessionId": "430d97", "location": "gemini_live_bridge.py:persona_turn_committer", "message": "VAD commit", "data": {"reason": "incomplete_utterance", "transcript_len": 37, "transcript_preview": "Saya mau melanjutkan sekolah, begitu."}, "timestamp": 1788176029974, "hypothesisId": "H2"}
{"sessionId": "430d97", "location": "gemini_live_bridge.py:schedule_final_governance", "message": "final governance scheduled", "data": {"transcript_len": 37, "transcript_preview": "Saya mau melanjutkan sekolah, begitu.", "latest": ""}, "timestamp": 1788176029974, "hypothesisId": "H3"}
{"sessionId": "430d97", "location": "gemini_live_bridge.py:persona_turn_committer", "message": "VAD commit", "data": {"reason": "incomplete_utterance", "transcript_len": 243, "transcript_preview": "Mmm gitu ya. Kalau aku sih hari ini biasa juga, cuma ngerjain beberapa hal rutin"}, "timestamp": 1788176030206, "hypothesisId": "H2"}
{"sessionId": "430d97", "location": "gemini_live_bridge.py:schedule_final_governance", "message": "final governance scheduled", "data": {"transcript_len": 243, "transcript_preview": "Mmm gitu ya. Kalau aku sih hari ini biasa juga, cuma ngerjain beberapa hal rutin", "latest": ""}, "timestamp": 1788176030207, "hypothesisId": "H3"}
{"sessionId": "430d97", "location": "gemini_live_bridge.py:persona_turn_committer", "message": "VAD commit", "data": {"reason": "incomplete_utterance", "transcript_len": 133, "transcript_preview": "ngobrol soal cowok. Kamu ke kalian ini kan eh, ayah yang suaranya perempuan dua-"}, "timestamp": 1788176051528, "hypothesisId": "H2"}
{"sessionId": "430d97", "location": "gemini_live_bridge.py:schedule_final_governance", "message": "final governance scheduled", "data": {"transcript_len": 133, "transcript_preview": "ngobrol soal cowok. Kamu ke kalian ini kan eh, ayah yang suaranya perempuan dua-", "latest": ""}, "timestamp": 1788176051528, "hypothesisId": "H3"}
{"sessionId": "430d97", "location": "gemini_live_bridge.py:persona_turn_committer", "message": "VAD commit", "data": {"reason": "incomplete_utterance", "transcript_len": 221, "transcript_preview": "mulai di sekolah lagi. Wah, bagus banget itu. Tidak. Kalian ngobrolin pesan apa?"}, "timestamp": 1788176051705, "hypothesisId": "H2"}
{"sessionId": "430d97", "location": "gemini_live_bridge.py:schedule_final_governance", "message": "final governance scheduled", "data": {"transcript_len": 221, "transcript_preview": "mulai di sekolah lagi. Wah, bagus banget itu. Tidak. Kalian ngobrolin pesan apa?", "latest": ""}, "timestamp": 1788176051705, "hypothesisId": "H3"}
{"sessionId": "430d97", "location": "gemini_live_bridge.py:persona_turn_committer", "message": "VAD commit", "data": {"reason": "incomplete_utterance", "transcript_len": 33, "transcript_preview": "Kamu lebih suka cowok yang gemuk?"}, "timestamp": 1788176240392, "hypothesisId": "H2"}
{"sessionId": "430d97", "location": "gemini_live_bridge.py:schedule_final_governance", "message": "final governance scheduled", "data": {"transcript_len": 33, "transcript_preview": "Kamu lebih suka cowok yang gemuk?", "latest": ""}, "timestamp": 1788176240393, "hypothesisId": "H3"}
{"sessionId": "430d97", "location": "gemini_live_bridge.py:persona_turn_committer", "message": "VAD commit", "data": {"reason": "incomplete_utterance", "transcript_len": 52, "transcript_preview": "Punya mobil pribadi, rumah pribadi, pesawat pribadi."}, "timestamp": 1788176268410, "hypothesisId": "H2"}
{"sessionId": "430d97", "location": "gemini_live_bridge.py:schedule_final_governance", "message": "final governance scheduled", "data": {"transcript_len": 52, "transcript_preview": "Punya mobil pribadi, rumah pribadi, pesawat pribadi.", "latest": ""}, "timestamp": 1788176268411, "hypothesisId": "H3"}
{"sessionId": "430d97", "location": "gemini_live_bridge.py:persona_turn_committer", "message": "VAD commit", "data": {"reason": "incomplete_utterance", "transcript_len": 10, "transcript_preview": "Iya, saya."}, "timestamp": 1788176337120, "hypothesisId": "H2"}
{"sessionId": "430d97", "location": "gemini_live_bridge.py:schedule_final_governance", "message": "final governance scheduled", "data": {"transcript_len": 10, "transcript_preview": "Iya, saya.", "latest": ""}, "timestamp": 1788176337121, "hypothesisId": "H3"}
{"sessionId": "430d97", "location": "gemini_live_bridge.py:persona_turn_committer", "message": "VAD commit", "data": {"reason": "incomplete_utterance", "transcript_len": 16, "transcript_preview": "Saya tidak tahu."}, "timestamp": 1788176452748, "hypothesisId": "H2"}
{"sessionId": "430d97", "location": "gemini_live_bridge.py:persona_turn_committer", "message": "VAD commit", "data": {"reason": "incomplete_utterance", "transcript_len": 17, "transcript_preview": "Solange Gong Gong"}, "timestamp": 1788176521764, "hypothesisId": "H2"}
{"sessionId": "430d97", "location": "gemini_live_bridge.py:schedule_final_governance", "message": "final governance scheduled", "data": {"transcript_len": 17, "transcript_preview": "Solange Gong Gong", "latest": ""}, "timestamp": 1788176521765, "hypothesisId": "H3"}
{"sessionId": "430d97", "location": "gemini_live_bridge.py:persona_turn_committer", "message": "VAD commit", "data": {"reason": "incomplete_utterance", "transcript_len": 2, "transcript_preview": "ya"}, "timestamp": 1788176822077, "hypothesisId": "H2"}
{"sessionId": "430d97", "location": "gemini_live_bridge.py:schedule_final_governance", "message": "final governance scheduled", "data": {"transcript_len": 2, "transcript_preview": "ya", "latest": ""}, "timestamp": 1788176822077, "hypothesisId": "H3"}
{"sessionId": "430d97", "location": "gemini_live_bridge.py:persona_turn_committer", "message": "VAD commit", "data": {"reason": "incomplete_utterance", "transcript_len": 237, "transcript_preview": "Mmm gimana ya? Menurutmu gimana tuh kalau cowok kaya raya tapi ya gitu, sering k"}, "timestamp": 1788176842093, "hypothesisId": "H2"}
{"sessionId": "430d97", "location": "gemini_live_bridge.py:schedule_final_governance", "message": "final governance scheduled", "data": {"transcript_len": 237, "transcript_preview": "Mmm gimana ya? Menurutmu gimana tuh kalau cowok kaya raya tapi ya gitu, sering k", "latest": ""}, "timestamp": 1788176842094, "hypothesisId": "H3"}
{"sessionId": "430d97", "location": "gemini_live_bridge.py:persona_turn_committer", "message": "VAD commit", "data": {"reason": "incomplete_utterance", "transcript_len": 50, "transcript_preview": "Cih, gaya raya poin plus juga. Bohong kalau nggak."}, "timestamp": 1788176850999, "hypothesisId": "H2"}
{"sessionId": "430d97", "location": "gemini_live_bridge.py:schedule_final_governance", "message": "final governance scheduled", "data": {"transcript_len": 50, "transcript_preview": "Cih, gaya raya poin plus juga. Bohong kalau nggak.", "latest": ""}, "timestamp": 1788176850999, "hypothesisId": "H3"}
{"sessionId": "430d97", "location": "gemini_live_bridge.py:persona_turn_committer", "message": "VAD commit", "data": {"reason": "incomplete_utterance", "transcript_len": 220, "transcript_preview": "munafik kalau nggak laku. Hahaha. Tapi ya itu, balik lagi seberapa penting buat "}, "timestamp": 1788176868276, "hypothesisId": "H2"}
{"sessionId": "430d97", "location": "gemini_live_bridge.py:schedule_final_governance", "message": "final governance scheduled", "data": {"transcript_len": 220, "transcript_preview": "munafik kalau nggak laku. Hahaha. Tapi ya itu, balik lagi seberapa penting buat ", "latest": ""}, "timestamp": 1788176868277, "hypothesisId": "H3"}
{"sessionId": "430d97", "location": "gemini_live_bridge.py:persona_turn_committer", "message": "VAD commit", "data": {"reason": "incomplete_utterance", "transcript_len": 57, "transcript_preview": "Saya bikin kayak ada engine-nya gitu untuk memasak, untuk"}, "timestamp": 1788176871138, "hypothesisId": "H2"}
{"sessionId": "430d97", "location": "gemini_live_bridge.py:schedule_final_governance", "message": "final governance scheduled", "data": {"transcript_len": 57, "transcript_preview": "Saya bikin kayak ada engine-nya gitu untuk memasak, untuk", "latest": ""}, "timestamp": 1788176871139, "hypothesisId": "H3"}
{"sessionId": "430d97", "location": "gemini_live_bridge.py:persona_turn_committer", "message": "VAD commit", "data": {"reason": "incomplete_utterance", "transcript_len": 6, "transcript_preview": "Claro."}, "timestamp": 1788176881729, "hypothesisId": "H2"}
{"sessionId": "430d97", "location": "gemini_live_bridge.py:schedule_final_governance", "message": "final governance scheduled", "data": {"transcript_len": 6, "transcript_preview": "Claro.", "latest": ""}, "timestamp": 1788176881729, "hypothesisId": "H3"}
{"sessionId": "430d97", "location": "gemini_live_bridge.py:persona_turn_committer", "message": "VAD commit", "data": {"reason": "incomplete_utterance", "transcript_len": 108, "transcript_preview": "Nah, harta bukan segalanya tapi bisa bikin hidup lebih mudah kan? Ya, yang penti"}, "timestamp": 1788176881823, "hypothesisId": "H2"}
{"sessionId": "430d97", "location": "gemini_live_bridge.py:schedule_final_governance", "message": "final governance scheduled", "data": {"transcript_len": 108, "transcript_preview": "Nah, harta bukan segalanya tapi bisa bikin hidup lebih mudah kan? Ya, yang penti", "latest": ""}, "timestamp": 1788176881823, "hypothesisId": "H3"}
{"sessionId": "430d97", "location": "gemini_live_bridge.py:persona_turn_committer", "message": "VAD commit", "data": {"reason": "incomplete_utterance", "transcript_len": 116, "transcript_preview": "Ya, nggak salah juga kalau mikir ke situ. Semua orang pasti pengin hidup enak, k"}, "timestamp": 1788176894622, "hypothesisId": "H2"}
{"sessionId": "430d97", "location": "gemini_live_bridge.py:schedule_final_governance", "message": "final governance scheduled", "data": {"transcript_len": 116, "transcript_preview": "Ya, nggak salah juga kalau mikir ke situ. Semua orang pasti pengin hidup enak, k", "latest": ""}, "timestamp": 1788176894622, "hypothesisId": "H3"}
{"sessionId": "430d97", "location": "gemini_live_bridge.py:persona_turn_committer", "message": "VAD commit", "data": {"reason": "incomplete_utterance", "transcript_len": 46, "transcript_preview": "banget, asal jangan main mata sembarangan aja."}, "timestamp": 1788176899625, "hypothesisId": "H2"}
{"sessionId": "430d97", "location": "gemini_live_bridge.py:schedule_final_governance", "message": "final governance scheduled", "data": {"transcript_len": 46, "transcript_preview": "banget, asal jangan main mata sembarangan aja.", "latest": ""}, "timestamp": 1788176899625, "hypothesisId": "H3"}
{"sessionId": "430d97", "location": "gemini_live_bridge.py:persona_turn_committer", "message": "VAD commit", "data": {"reason": "incomplete_utterance", "transcript_len": 3, "transcript_preview": "Oh."}, "timestamp": 1788176899912, "hypothesisId": "H2"}
{"sessionId": "430d97", "location": "gemini_live_bridge.py:persona_turn_committer", "message": "VAD commit", "data": {"reason": "incomplete_utterance", "transcript_len": 134, "transcript_preview": "benar. Mata boleh melirik, tapi hati jangan sampai salah terlabuh. Harus tetap d"}, "timestamp": 1788176912058, "hypothesisId": "H2"}
{"sessionId": "430d97", "location": "gemini_live_bridge.py:schedule_final_governance", "message": "final governance scheduled", "data": {"transcript_len": 134, "transcript_preview": "benar. Mata boleh melirik, tapi hati jangan sampai salah terlabuh. Harus tetap d", "latest": ""}, "timestamp": 1788176912059, "hypothesisId": "H3"}
{"sessionId": "430d97", "location": "gemini_live_bridge.py:persona_turn_committer", "message": "VAD commit", "data": {"reason": "incomplete_utterance", "transcript_len": 29, "transcript_preview": "kedalaman hati paling penting"}, "timestamp": 1788176917156, "hypothesisId": "H2"}
{"sessionId": "430d97", "location": "gemini_live_bridge.py:schedule_final_governance", "message": "final governance scheduled", "data": {"transcript_len": 29, "transcript_preview": "kedalaman hati paling penting", "latest": ""}, "timestamp": 1788176917157, "hypothesisId": "H3"}
{"sessionId": "430d97", "location": "gemini_live_bridge.py:persona_turn_committer", "message": "VAD commit", "data": {"reason": "incomplete_utterance", "transcript_len": 117, "transcript_preview": "100% setuju. Itu yang bikin hubungan dengan awet kan? Rasa saling menghormati, n"}, "timestamp": 1788176931283, "hypothesisId": "H2"}
{"sessionId": "430d97", "location": "gemini_live_bridge.py:schedule_final_governance", "message": "final governance scheduled", "data": {"transcript_len": 117, "transcript_preview": "100% setuju. Itu yang bikin hubungan dengan awet kan? Rasa saling menghormati, n", "latest": ""}, "timestamp": 1788176931284, "hypothesisId": "H3"}
{"sessionId": "430d97", "location": "gemini_live_bridge.py:persona_turn_committer", "message": "VAD commit", "data": {"reason": "incomplete_utterance", "transcript_len": 14, "transcript_preview": "S\u00ed, por el s\u00ed."}, "timestamp": 1788176938523, "hypothesisId": "H2"}
{"sessionId": "430d97", "location": "gemini_live_bridge.py:schedule_final_governance", "message": "final governance scheduled", "data": {"transcript_len": 14, "transcript_preview": "S\u00ed, por el s\u00ed.", "latest": ""}, "timestamp": 1788176938524, "hypothesisId": "H3"}
{"sessionId": "430d97", "location": "gemini_live_bridge.py:persona_turn_committer", "message": "VAD commit", "data": {"reason": "incomplete_utterance", "transcript_len": 4, "transcript_preview": "Nih."}, "timestamp": 1788176952308, "hypothesisId": "H2"}
{"sessionId": "430d97", "location": "gemini_live_bridge.py:schedule_final_governance", "message": "final governance scheduled", "data": {"transcript_len": 4, "transcript_preview": "Nih.", "latest": ""}, "timestamp": 1788176952308, "hypothesisId": "H3"}
{"sessionId": "430d97", "location": "gemini_live_bridge.py:persona_turn_committer", "message": "VAD commit", "data": {"reason": "incomplete_utterance", "transcript_len": 141, "transcript_preview": "begitu ya. Serinnya memang begitu. Kayak ada bisikan halus yang bilang ini benar"}, "timestamp": 1788176965439, "hypothesisId": "H2"}
{"sessionId": "430d97", "location": "gemini_live_bridge.py:schedule_final_governance", "message": "final governance scheduled", "data": {"transcript_len": 141, "transcript_preview": "begitu ya. Serinnya memang begitu. Kayak ada bisikan halus yang bilang ini benar", "latest": ""}, "timestamp": 1788176965439, "hypothesisId": "H3"}
{"sessionId": "430d97", "location": "gemini_live_bridge.py:persona_turn_committer", "message": "VAD commit", "data": {"reason": "incomplete_utterance", "transcript_len": 124, "transcript_preview": "Jadi, intinya kamu lebih condong ke perasaan dan kecocokan hati ya. Meskipun mat"}, "timestamp": 1788176977817, "hypothesisId": "H2"}
{"sessionId": "430d97", "location": "gemini_live_bridge.py:schedule_final_governance", "message": "final governance scheduled", "data": {"transcript_len": 124, "transcript_preview": "Jadi, intinya kamu lebih condong ke perasaan dan kecocokan hati ya. Meskipun mat", "latest": ""}, "timestamp": 1788176977817, "hypothesisId": "H3"}
{"sessionId": "430d97", "location": "gemini_live_bridge.py:persona_turn_committer", "message": "VAD commit", "data": {"reason": "incomplete_utterance", "transcript_len": 69, "transcript_preview": "Kurang lebih begitu, materi penting tapi hati yang cocok utama. Aisy."}, "timestamp": 1788176985407, "hypothesisId": "H2"}
{"sessionId": "430d97", "location": "gemini_live_bridge.py:schedule_final_governance", "message": "final governance scheduled", "data": {"transcript_len": 69, "transcript_preview": "Kurang lebih begitu, materi penting tapi hati yang cocok utama. Aisy.", "latest": ""}, "timestamp": 1788176985408, "hypothesisId": "H3"}
{"sessionId": "430d97", "location": "gemini_live_bridge.py:persona_turn_committer", "message": "VAD commit", "data": {"reason": "incomplete_utterance", "transcript_len": 32, "transcript_preview": "Ya, kenapa mati? Ini yang susah."}, "timestamp": 1788177002237, "hypothesisId": "H2"}
{"sessionId": "430d97", "location": "gemini_live_bridge.py:schedule_final_governance", "message": "final governance scheduled", "data": {"transcript_len": 32, "transcript_preview": "Ya, kenapa mati? Ini yang susah.", "latest": ""}, "timestamp": 1788177002238, "hypothesisId": "H3"}
{"sessionId": "430d97", "location": "gemini_live_bridge.py:persona_turn_committer", "message": "VAD commit", "data": {"reason": "incomplete_utterance", "transcript_len": 7, "transcript_preview": "Oh, ah."}, "timestamp": 1788177024543, "hypothesisId": "H2"}
{"sessionId": "430d97", "location": "gemini_live_bridge.py:schedule_final_governance", "message": "final governance scheduled", "data": {"transcript_len": 7, "transcript_preview": "Oh, ah.", "latest": ""}, "timestamp": 1788177024544, "hypothesisId": "H3"}
{"sessionId": "430d97", "location": "gemini_live_bridge.py:persona_turn_committer", "message": "VAD commit", "data": {"reason": "incomplete_utterance", "transcript_len": 23, "transcript_preview": "Kamu punya cowok tidak?"}, "timestamp": 1788177048154, "hypothesisId": "H2"}
{"sessionId": "430d97", "location": "gemini_live_bridge.py:schedule_final_governance", "message": "final governance scheduled", "data": {"transcript_len": 23, "transcript_preview": "Kamu punya cowok tidak?", "latest": ""}, "timestamp": 1788177048154, "hypothesisId": "H3"}
{"sessionId": "430d97", "location": "gemini_live_bridge.py:persona_turn_committer", "message": "VAD commit", "data": {"reason": "incomplete_utterance", "transcript_len": 22, "transcript_preview": "Maksudnya makan tidak?"}, "timestamp": 1788177064401, "hypothesisId": "H2"}
{"sessionId": "430d97", "location": "gemini_live_bridge.py:schedule_final_governance", "message": "final governance scheduled", "data": {"transcript_len": 22, "transcript_preview": "Maksudnya makan tidak?", "latest": ""}, "timestamp": 1788177064402, "hypothesisId": "H3"}
{"sessionId": "430d97", "location": "gemini_live_bridge.py:persona_turn_committer", "message": "VAD commit", "data": {"reason": "incomplete_utterance", "transcript_len": 2, "transcript_preview": "lo"}, "timestamp": 1788184576378, "hypothesisId": "H2"}
{"sessionId": "430d97", "location": "gemini_live_bridge.py:schedule_final_governance", "message": "final governance scheduled", "data": {"transcript_len": 2, "transcript_preview": "lo", "latest": ""}, "timestamp": 1788184576378, "hypothesisId": "H3"}
{"sessionId": "430d97", "location": "gemini_live_bridge.py:persona_turn_committer", "message": "VAD commit", "data": {"reason": "incomplete_utterance", "transcript_len": 5, "transcript_preview": "Halo."}, "timestamp": 1788184628748, "hypothesisId": "H2"}
{"sessionId": "430d97", "location": "gemini_live_bridge.py:schedule_final_governance", "message": "final governance scheduled", "data": {"transcript_len": 5, "transcript_preview": "Halo.", "latest": ""}, "timestamp": 1788184628749, "hypothesisId": "H3"}
{"sessionId": "430d97", "location": "gemini_live_bridge.py:persona_turn_committer", "message": "VAD commit", "data": {"reason": "incomplete_utterance", "transcript_len": 24, "transcript_preview": "semangat kan ngobrolnya?"}, "timestamp": 1788184635079, "hypothesisId": "H2"}
{"sessionId": "430d97", "location": "gemini_live_bridge.py:schedule_final_governance", "message": "final governance scheduled", "data": {"transcript_len": 24, "transcript_preview": "semangat kan ngobrolnya?", "latest": ""}, "timestamp": 1788184635079, "hypothesisId": "H3"}
{"sessionId": "430d97", "location": "gemini_live_bridge.py:persona_turn_committer", "message": "VAD commit", "data": {"reason": "incomplete_utterance", "transcript_len": 4, "transcript_preview": "dulu"}, "timestamp": 1788184761104, "hypothesisId": "H2"}
{"sessionId": "430d97", "location": "gemini_live_bridge.py:schedule_final_governance", "message": "final governance scheduled", "data": {"transcript_len": 4, "transcript_preview": "dulu", "latest": ""}, "timestamp": 1788184761104, "hypothesisId": "H3"}
{"sessionId": "430d97", "location": "gemini_live_bridge.py:persona_turn_committer", "message": "VAD commit", "data": {"reason": "incomplete_utterance", "transcript_len": 28, "transcript_preview": "udah balik lagi. Gimana, mau"}, "timestamp": 1788184768550, "hypothesisId": "H2"}
{"sessionId": "430d97", "location": "gemini_live_bridge.py:schedule_final_governance", "message": "final governance scheduled", "data": {"transcript_len": 28, "transcript_preview": "udah balik lagi. Gimana, mau", "latest": ""}, "timestamp": 1788184768551, "hypothesisId": "H3"}
{"sessionId": "430d97", "location": "gemini_live_bridge.py:persona_turn_committer", "message": "VAD commit", "data": {"reason": "incomplete_utterance", "transcript_len": 32, "transcript_preview": "I'm not a fan of the new design."}, "timestamp": 1788184776911, "hypothesisId": "H2"}
{"sessionId": "430d97", "location": "gemini_live_bridge.py:schedule_final_governance", "message": "final governance scheduled", "data": {"transcript_len": 32, "transcript_preview": "I'm not a fan of the new design.", "latest": ""}, "timestamp": 1788184776912, "hypothesisId": "H3"}
{"sessionId": "430d97", "location": "gemini_live_bridge.py:persona_turn_committer", "message": "VAD commit", "data": {"reason": "incomplete_utterance", "transcript_len": 99, "transcript_preview": "Udah dong. Emang kamu mau cerita apa lagi nih? Dari yang tadi sempat kepotong, a"}, "timestamp": 1788184777520, "hypothesisId": "H2"}
{"sessionId": "430d97", "location": "gemini_live_bridge.py:schedule_final_governance", "message": "final governance scheduled", "data": {"transcript_len": 99, "transcript_preview": "Udah dong. Emang kamu mau cerita apa lagi nih? Dari yang tadi sempat kepotong, a", "latest": ""}, "timestamp": 1788184777521, "hypothesisId": "H3"}
{"sessionId": "430d97", "location": "gemini_live_bridge.py:persona_turn_committer", "message": "VAD commit", "data": {"reason": "incomplete_utterance", "transcript_len": 222, "transcript_preview": "ngobrol ya. Tapi kalau memang lagi mood cerita atau ada yang tiba-tiba kepikiran"}, "timestamp": 1788184795936, "hypothesisId": "H2"}
{"sessionId": "430d97", "location": "gemini_live_bridge.py:schedule_final_governance", "message": "final governance scheduled", "data": {"transcript_len": 222, "transcript_preview": "ngobrol ya. Tapi kalau memang lagi mood cerita atau ada yang tiba-tiba kepikiran", "latest": ""}, "timestamp": 1788184795936, "hypothesisId": "H3"}
{"sessionId": "430d97", "location": "gemini_live_bridge.py:persona_turn_committer", "message": "VAD commit", "data": {"reason": "incomplete_utterance", "transcript_len": 129, "transcript_preview": "ya sebenarnya sih biasa aja ngalir aja gitu gimana kalau kamu yang cerita duluan"}, "timestamp": 1788184810150, "hypothesisId": "H2"}
{"sessionId": "430d97", "location": "gemini_live_bridge.py:schedule_final_governance", "message": "final governance scheduled", "data": {"transcript_len": 129, "transcript_preview": "ya sebenarnya sih biasa aja ngalir aja gitu gimana kalau kamu yang cerita duluan", "latest": ""}, "timestamp": 1788184810151, "hypothesisId": "H3"}
{"sessionId": "430d97", "location": "gemini_live_bridge.py:persona_turn_committer", "message": "VAD commit", "data": {"reason": "incomplete_utterance", "transcript_len": 383, "transcript_preview": "Mmm kalau dari aku sih ya biasa aja ya. Paling aku cuma mikirin beberapa hal yan"}, "timestamp": 1788184837786, "hypothesisId": "H2"}
{"sessionId": "430d97", "location": "gemini_live_bridge.py:schedule_final_governance", "message": "final governance scheduled", "data": {"transcript_len": 383, "transcript_preview": "Mmm kalau dari aku sih ya biasa aja ya. Paling aku cuma mikirin beberapa hal yan", "latest": ""}, "timestamp": 1788184837787, "hypothesisId": "H3"}
{"sessionId": "430d97", "location": "gemini_live_bridge.py:persona_turn_committer", "message": "VAD commit", "data": {"reason": "incomplete_utterance", "transcript_len": 235, "transcript_preview": "ya. Ya udah, ee Fila, nanti kalau kamu udah kepikiran something yang mau diobrol"}, "timestamp": 1788184858080, "hypothesisId": "H2"}
{"sessionId": "430d97", "location": "gemini_live_bridge.py:schedule_final_governance", "message": "final governance scheduled", "data": {"transcript_len": 235, "transcript_preview": "ya. Ya udah, ee Fila, nanti kalau kamu udah kepikiran something yang mau diobrol", "latest": ""}, "timestamp": 1788184858081, "hypothesisId": "H3"}
{"sessionId": "430d97", "location": "gemini_live_bridge.py:persona_turn_committer", "message": "VAD commit", "data": {"reason": "incomplete_utterance", "transcript_len": 110, "transcript_preview": "Nggak terlalu pusing mikirin topi. Tapi kamu mau cerita soal teknologi tadi ngga"}, "timestamp": 1788184872656, "hypothesisId": "H2"}
{"sessionId": "430d97", "location": "gemini_live_bridge.py:schedule_final_governance", "message": "final governance scheduled", "data": {"transcript_len": 110, "transcript_preview": "Nggak terlalu pusing mikirin topi. Tapi kamu mau cerita soal teknologi tadi ngga", "latest": ""}, "timestamp": 1788184872657, "hypothesisId": "H3"}
{"sessionId": "430d97", "location": "gemini_live_bridge.py:persona_turn_committer", "message": "VAD commit", "data": {"reason": "incomplete_utterance", "transcript_len": 367, "transcript_preview": "Oh, yang itu. Tadi ada semacam terobosan baru gitu di dunia baterai. Katanya mer"}, "timestamp": 1788184898514, "hypothesisId": "H2"}
{"sessionId": "430d97", "location": "gemini_live_bridge.py:schedule_final_governance", "message": "final governance scheduled", "data": {"transcript_len": 367, "transcript_preview": "Oh, yang itu. Tadi ada semacam terobosan baru gitu di dunia baterai. Katanya mer", "latest": ""}, "timestamp": 1788184898515, "hypothesisId": "H3"}
{"sessionId": "430d97", "location": "gemini_live_bridge.py:persona_turn_committer", "message": "VAD commit", "data": {"reason": "incomplete_utterance", "transcript_len": 315, "transcript_preview": "Wah, kalau itu beneran, wah keren banget sih. Bisa bikin semua jadi lebih cepat "}, "timestamp": 1788184922566, "hypothesisId": "H2"}
{"sessionId": "430d97", "location": "gemini_live_bridge.py:schedule_final_governance", "message": "final governance scheduled", "data": {"transcript_len": 315, "transcript_preview": "Wah, kalau itu beneran, wah keren banget sih. Bisa bikin semua jadi lebih cepat ", "latest": ""}, "timestamp": 1788184922567, "hypothesisId": "H3"}
{"sessionId": "430d97", "location": "gemini_live_bridge.py:persona_turn_committer", "message": "VAD commit", "data": {"reason": "incomplete_utterance", "transcript_len": 337, "transcript_preview": "Iya kan? Emang potensinya besar banget. Kalau soal cepat tersebarnya, biasanya b"}, "timestamp": 1788184946841, "hypothesisId": "H2"}
{"sessionId": "430d97", "location": "gemini_live_bridge.py:schedule_final_governance", "message": "final governance scheduled", "data": {"transcript_len": 337, "transcript_preview": "Iya kan? Emang potensinya besar banget. Kalau soal cepat tersebarnya, biasanya b", "latest": ""}, "timestamp": 1788184946842, "hypothesisId": "H3"}
{"sessionId": "430d97", "location": "gemini_live_bridge.py:persona_turn_committer", "message": "VAD commit", "data": {"reason": "incomplete_utterance", "transcript_len": 255, "transcript_preview": "Iya, bener banget. Faktor harga sama kesiapan produksinya juga penting banget it"}, "timestamp": 1788184966496, "hypothesisId": "H2"}
{"sessionId": "430d97", "location": "gemini_live_bridge.py:schedule_final_governance", "message": "final governance scheduled", "data": {"transcript_len": 255, "transcript_preview": "Iya, bener banget. Faktor harga sama kesiapan produksinya juga penting banget it", "latest": ""}, "timestamp": 1788184966497, "hypothesisId": "H3"}
{"sessionId": "430d97", "location": "gemini_live_bridge.py:persona_turn_committer", "message": "VAD commit", "data": {"reason": "incomplete_utterance", "transcript_len": 203, "transcript_preview": "Bener banget. Yang penting kita pantau terus nih perkembangannya. Siapa tahu dal"}, "timestamp": 1788184981689, "hypothesisId": "H2"}
{"sessionId": "430d97", "location": "gemini_live_bridge.py:schedule_final_governance", "message": "final governance scheduled", "data": {"transcript_len": 203, "transcript_preview": "Bener banget. Yang penting kita pantau terus nih perkembangannya. Siapa tahu dal", "latest": ""}, "timestamp": 1788184981690, "hypothesisId": "H3"}
{"sessionId": "430d97", "location": "gemini_live_bridge.py:persona_turn_committer", "message": "VAD commit", "data": {"reason": "incomplete_utterance", "transcript_len": 176, "transcript_preview": "He eh, bener banget. Bakal seru banget ngikutin perpengangannya step by step. Te"}, "timestamp": 1788184997375, "hypothesisId": "H2"}
{"sessionId": "430d97", "location": "gemini_live_bridge.py:schedule_final_governance", "message": "final governance scheduled", "data": {"transcript_len": 176, "transcript_preview": "He eh, bener banget. Bakal seru banget ngikutin perpengangannya step by step. Te", "latest": ""}, "timestamp": 1788184997376, "hypothesisId": "H3"}
{"sessionId": "430d97", "location": "gemini_live_bridge.py:persona_turn_committer", "message": "VAD commit", "data": {"reason": "incomplete_utterance", "transcript_len": 233, "transcript_preview": "Betul, ya gitu deh yang bikin seru. Selalu ada hal baru yang bisa dipelajari dan"}, "timestamp": 1788185015364, "hypothesisId": "H2"}
{"sessionId": "430d97", "location": "gemini_live_bridge.py:schedule_final_governance", "message": "final governance scheduled", "data": {"transcript_len": 233, "transcript_preview": "Betul, ya gitu deh yang bikin seru. Selalu ada hal baru yang bisa dipelajari dan", "latest": ""}, "timestamp": 1788185015364, "hypothesisId": "H3"}
{"sessionId": "430d97", "location": "gemini_live_bridge.py:persona_turn_committer", "message": "VAD commit", "data": {"reason": "incomplete_utterance", "transcript_len": 219, "transcript_preview": "apa ya? Nggak ada yang terlalu khusus sih, masih sama kayak biasanya. Tapi kalau"}, "timestamp": 1788185033211, "hypothesisId": "H2"}
{"sessionId": "430d97", "location": "gemini_live_bridge.py:schedule_final_governance", "message": "final governance scheduled", "data": {"transcript_len": 219, "transcript_preview": "apa ya? Nggak ada yang terlalu khusus sih, masih sama kayak biasanya. Tapi kalau", "latest": ""}, "timestamp": 1788185033212, "hypothesisId": "H3"}
{"sessionId": "430d97", "location": "gemini_live_bridge.py:persona_turn_committer", "message": "VAD commit", "data": {"reason": "incomplete_utterance", "transcript_len": 297, "transcript_preview": "Mmm apa ya? Paling aku lagi terus berusaha buat ngikutin perkembangan berbagai m"}, "timestamp": 1788185055299, "hypothesisId": "H2"}
{"sessionId": "430d97", "location": "gemini_live_bridge.py:schedule_final_governance", "message": "final governance scheduled", "data": {"transcript_len": 297, "transcript_preview": "Mmm apa ya? Paling aku lagi terus berusaha buat ngikutin perkembangan berbagai m", "latest": ""}, "timestamp": 1788185055300, "hypothesisId": "H3"}
{"sessionId": "430d97", "location": "gemini_live_bridge.py:persona_turn_committer", "message": "VAD commit", "data": {"reason": "incomplete_utterance", "transcript_len": 204, "transcript_preview": "Oh gitu. Bagus juga ya, jadi wawasanmu makin banyak, bisa nyambung diajak ngobro"}, "timestamp": 1788185074931, "hypothesisId": "H2"}
{"sessionId": "430d97", "location": "gemini_live_bridge.py:schedule_final_governance", "message": "final governance scheduled", "data": {"transcript_len": 204, "transcript_preview": "Oh gitu. Bagus juga ya, jadi wawasanmu makin banyak, bisa nyambung diajak ngobro", "latest": ""}, "timestamp": 1788185074932, "hypothesisId": "H3"}
{"sessionId": "430d97", "location": "gemini_live_bridge.py:persona_turn_committer", "message": "VAD commit", "data": {"reason": "incomplete_utterance", "transcript_len": 248, "transcript_preview": "Makasih banyak loh dukungannya. Iya, aku juga ngerasa gitu. Jadi lebih berwarna "}, "timestamp": 1788185091314, "hypothesisId": "H2"}
{"sessionId": "430d97", "location": "gemini_live_bridge.py:schedule_final_governance", "message": "final governance scheduled", "data": {"transcript_len": 248, "transcript_preview": "Makasih banyak loh dukungannya. Iya, aku juga ngerasa gitu. Jadi lebih berwarna ", "latest": ""}, "timestamp": 1788185091314, "hypothesisId": "H3"}
{"sessionId": "430d97", "location": "gemini_live_bridge.py:persona_turn_committer", "message": "VAD commit", "data": {"reason": "incomplete_utterance", "transcript_len": 115, "transcript_preview": "Pasti semangat terus dong. Kita sama-sama belajar dan berkembang terus ya. Kapan"}, "timestamp": 1788185105752, "hypothesisId": "H2"}
{"sessionId": "430d97", "location": "gemini_live_bridge.py:schedule_final_governance", "message": "final governance scheduled", "data": {"transcript_len": 115, "transcript_preview": "Pasti semangat terus dong. Kita sama-sama belajar dan berkembang terus ya. Kapan", "latest": ""}, "timestamp": 1788185105752, "hypothesisId": "H3"}
{"sessionId": "430d97", "location": "gemini_live_bridge.py:persona_turn_committer", "message": "VAD commit", "data": {"reason": "incomplete_utterance", "transcript_len": 153, "transcript_preview": "Kapan aja boleh kabarin aku kalau lagi ada yang mau diobrolin. Aku bakalan senan"}, "timestamp": 1788185118286, "hypothesisId": "H2"}
{"sessionId": "430d97", "location": "gemini_live_bridge.py:schedule_final_governance", "message": "final governance scheduled", "data": {"transcript_len": 153, "transcript_preview": "Kapan aja boleh kabarin aku kalau lagi ada yang mau diobrolin. Aku bakalan senan", "latest": ""}, "timestamp": 1788185118286, "hypothesisId": "H3"}
{"sessionId": "430d97", "location": "gemini_live_bridge.py:persona_turn_committer", "message": "VAD commit", "data": {"reason": "incomplete_utterance", "transcript_len": 80, "transcript_preview": "pasti nanti tak kabarin. Makasih banyak ya udah mau dengerin, sampai nanti juga."}, "timestamp": 1788185126489, "hypothesisId": "H2"}
{"sessionId": "430d97", "location": "gemini_live_bridge.py:schedule_final_governance", "message": "final governance scheduled", "data": {"transcript_len": 80, "transcript_preview": "pasti nanti tak kabarin. Makasih banyak ya udah mau dengerin, sampai nanti juga.", "latest": ""}, "timestamp": 1788185126490, "hypothesisId": "H3"}
{"sessionId": "430d97", "location": "gemini_live_bridge.py:persona_turn_committer", "message": "VAD commit", "data": {"reason": "incomplete_utterance", "transcript_len": 11, "transcript_preview": "cowok cowok"}, "timestamp": 1788185130351, "hypothesisId": "H2"}
{"sessionId": "430d97", "location": "gemini_live_bridge.py:schedule_final_governance", "message": "final governance scheduled", "data": {"transcript_len": 11, "transcript_preview": "cowok cowok", "latest": ""}, "timestamp": 1788185130352, "hypothesisId": "H3"}
{"sessionId": "430d97", "location": "gemini_live_bridge.py:persona_turn_committer", "message": "VAD commit", "data": {"reason": "incomplete_utterance", "transcript_len": 22, "transcript_preview": "Coba bahas soal cowok."}, "timestamp": 1788185141540, "hypothesisId": "H2"}
{"sessionId": "430d97", "location": "gemini_live_bridge.py:schedule_final_governance", "message": "final governance scheduled", "data": {"transcript_len": 22, "transcript_preview": "Coba bahas soal cowok.", "latest": ""}, "timestamp": 1788185141540, "hypothesisId": "H3"}
{"sessionId": "430d97", "location": "gemini_live_bridge.py:persona_turn_committer", "message": "VAD commit", "data": {"reason": "incomplete_utterance", "transcript_len": 102, "transcript_preview": "ngobrol sama kamu. Oke, sampai nanti. Jangan ragu ya buat ngehubungin aku lagi. "}, "timestamp": 1788185141684, "hypothesisId": "H2"}
{"sessionId": "430d97", "location": "gemini_live_bridge.py:schedule_final_governance", "message": "final governance scheduled", "data": {"transcript_len": 102, "transcript_preview": "ngobrol sama kamu. Oke, sampai nanti. Jangan ragu ya buat ngehubungin aku lagi. ", "latest": ""}, "timestamp": 1788185141684, "hypothesisId": "H3"}
{"sessionId": "430d97", "location": "gemini_live_bridge.py:persona_turn_committer", "message": "VAD commit", "data": {"reason": "incomplete_utterance", "transcript_len": 181, "transcript_preview": "Maksudnya mau bahas cowok secara umum atau ada sesuatu yang spesifik yang bikin "}, "timestamp": 1788185159894, "hypothesisId": "H2"}
{"sessionId": "430d97", "location": "gemini_live_bridge.py:schedule_final_governance", "message": "final governance scheduled", "data": {"transcript_len": 181, "transcript_preview": "Maksudnya mau bahas cowok secara umum atau ada sesuatu yang spesifik yang bikin ", "latest": ""}, "timestamp": 1788185159895, "hypothesisId": "H3"}
{"sessionId": "430d97", "location": "gemini_live_bridge.py:persona_turn_committer", "message": "VAD commit", "data": {"reason": "incomplete_utterance", "transcript_len": 232, "transcript_preview": "Kalau yang spesifik sih enggak ada yang kepikiran langsung gitu ya. Mungkin baha"}, "timestamp": 1788185178325, "hypothesisId": "H2"}
{"sessionId": "430d97", "location": "gemini_live_bridge.py:schedule_final_governance", "message": "final governance scheduled", "data": {"transcript_len": 232, "transcript_preview": "Kalau yang spesifik sih enggak ada yang kepikiran langsung gitu ya. Mungkin baha", "latest": ""}, "timestamp": 1788185178326, "hypothesisId": "H3"}
{"sessionId": "430d97", "location": "gemini_live_bridge.py:persona_turn_committer", "message": "VAD commit", "data": {"reason": "incomplete_utterance", "transcript_len": 302, "transcript_preview": "Gimana kalau kita bahas soal jaringan komunikasi mereka? Banyak loh yang ngerasa"}, "timestamp": 1788185199834, "hypothesisId": "H2"}
{"sessionId": "430d97", "location": "gemini_live_bridge.py:schedule_final_governance", "message": "final governance scheduled", "data": {"transcript_len": 302, "transcript_preview": "Gimana kalau kita bahas soal jaringan komunikasi mereka? Banyak loh yang ngerasa", "latest": ""}, "timestamp": 1788185199835, "hypothesisId": "H3"}
{"sessionId": "430d97", "location": "gemini_live_bridge.py:persona_turn_committer", "message": "VAD commit", "data": {"reason": "incomplete_utterance", "transcript_len": 322, "transcript_preview": "menarik tuh. Soal komunikasi kayaknya banyak banget ya yang ngeluhin gitu. Katan"}, "timestamp": 1788185221951, "hypothesisId": "H2"}
{"sessionId": "430d97", "location": "gemini_live_bridge.py:schedule_final_governance", "message": "final governance scheduled", "data": {"transcript_len": 322, "transcript_preview": "menarik tuh. Soal komunikasi kayaknya banyak banget ya yang ngeluhin gitu. Katan", "latest": ""}, "timestamp": 1788185221951, "hypothesisId": "H3"}
{"sessionId": "430d97", "location": "gemini_live_bridge.py:persona_turn_committer", "message": "VAD commit", "data": {"reason": "incomplete_utterance", "transcript_len": 237, "transcript_preview": "Kalau dari aku sih, kita bisa mulai dari gaya komunikasi dulu ya. Soalnya kan it"}, "timestamp": 1788185238859, "hypothesisId": "H2"}
{"sessionId": "430d97", "location": "gemini_live_bridge.py:schedule_final_governance", "message": "final governance scheduled", "data": {"transcript_len": 237, "transcript_preview": "Kalau dari aku sih, kita bisa mulai dari gaya komunikasi dulu ya. Soalnya kan it", "latest": ""}, "timestamp": 1788185238860, "hypothesisId": "H3"}
{"sessionId": "430d97", "location": "gemini_live_bridge.py:persona_turn_committer", "message": "VAD commit", "data": {"reason": "incomplete_utterance", "transcript_len": 215, "transcript_preview": "Nah, boleh tuh. Mulai dari gaya komunikasi dulu. Kayaknya banyak banget yang bis"}, "timestamp": 1788185255507, "hypothesisId": "H2"}
{"sessionId": "430d97", "location": "gemini_live_bridge.py:schedule_final_governance", "message": "final governance scheduled", "data": {"transcript_len": 215, "transcript_preview": "Nah, boleh tuh. Mulai dari gaya komunikasi dulu. Kayaknya banyak banget yang bis", "latest": ""}, "timestamp": 1788185255507, "hypothesisId": "H3"}
{"sessionId": "430d97", "location": "gemini_live_bridge.py:persona_turn_committer", "message": "VAD commit", "data": {"reason": "incomplete_utterance", "transcript_len": 317, "transcript_preview": "Oke, mantap. Kita mulai dari masalah komunikasi ya. Pernah nggak sih kamu merasa"}, "timestamp": 1788185276458, "hypothesisId": "H2"}
{"sessionId": "430d97", "location": "gemini_live_bridge.py:schedule_final_governance", "message": "final governance scheduled", "data": {"transcript_len": 317, "transcript_preview": "Oke, mantap. Kita mulai dari masalah komunikasi ya. Pernah nggak sih kamu merasa", "latest": ""}, "timestamp": 1788185276459, "hypothesisId": "H3"}
{"sessionId": "430d97", "location": "gemini_live_bridge.py:persona_turn_committer", "message": "VAD commit", "data": {"reason": "incomplete_utterance", "transcript_len": 323, "transcript_preview": "Kalau dari yang sering diobrolin atau didengar sih, kayaknya banyak yang merasa "}, "timestamp": 1788185298340, "hypothesisId": "H2"}
{"sessionId": "430d97", "location": "gemini_live_bridge.py:schedule_final_governance", "message": "final governance scheduled", "data": {"transcript_len": 323, "transcript_preview": "Kalau dari yang sering diobrolin atau didengar sih, kayaknya banyak yang merasa ", "latest": ""}, "timestamp": 1788185298341, "hypothesisId": "H3"}
{"sessionId": "430d97", "location": "gemini_live_bridge.py:persona_turn_committer", "message": "VAD commit", "data": {"reason": "incomplete_utterance", "transcript_len": 392, "transcript_preview": "Iya, sama. Aku juga seringnya nemu yang model to the point gitu. Kadang memang b"}, "timestamp": 1788185322666, "hypothesisId": "H2"}
{"sessionId": "430d97", "location": "gemini_live_bridge.py:schedule_final_governance", "message": "final governance scheduled", "data": {"transcript_len": 392, "transcript_preview": "Iya, sama. Aku juga seringnya nemu yang model to the point gitu. Kadang memang b", "latest": ""}, "timestamp": 1788185322666, "hypothesisId": "H3"}
{"sessionId": "430d97", "location": "gemini_live_bridge.py:persona_turn_committer", "message": "VAD commit", "data": {"reason": "incomplete_utterance", "transcript_len": 78, "transcript_preview": "Menurutmu mana yang lebih mendingan, yang langsung atau yang muter-muter gitu?"}, "timestamp": 1788185330145, "hypothesisId": "H2"}
{"sessionId": "430d97", "location": "gemini_live_bridge.py:schedule_final_governance", "message": "final governance scheduled", "data": {"transcript_len": 78, "transcript_preview": "Menurutmu mana yang lebih mendingan, yang langsung atau yang muter-muter gitu?", "latest": ""}, "timestamp": 1788185330145, "hypothesisId": "H3"}
{"sessionId": "430d97", "location": "gemini_live_bridge.py:persona_turn_committer", "message": "VAD commit", "data": {"reason": "incomplete_utterance", "transcript_len": 327, "transcript_preview": "Mmm, kalau itu sih tergantung kondisinya ya. Kadang mending langsung biar jelas,"}, "timestamp": 1788185351776, "hypothesisId": "H2"}
{"sessionId": "430d97", "location": "gemini_live_bridge.py:schedule_final_governance", "message": "final governance scheduled", "data": {"transcript_len": 327, "transcript_preview": "Mmm, kalau itu sih tergantung kondisinya ya. Kadang mending langsung biar jelas,", "latest": ""}, "timestamp": 1788185351776, "hypothesisId": "H3"}
{"sessionId": "430d97", "location": "gemini_live_bridge.py:persona_turn_committer", "message": "VAD commit", "data": {"reason": "incomplete_utterance", "transcript_len": 29, "transcript_preview": "nya logat logat gue gue gitu."}, "timestamp": 1788185363996, "hypothesisId": "H2"}
{"sessionId": "430d97", "location": "gemini_live_bridge.py:schedule_final_governance", "message": "final governance scheduled", "data": {"transcript_len": 29, "transcript_preview": "nya logat logat gue gue gitu.", "latest": ""}, "timestamp": 1788185363997, "hypothesisId": "H3"}
{"sessionId": "430d97", "location": "gemini_live_bridge.py:persona_turn_committer", "message": "VAD commit", "data": {"reason": "incomplete_utterance", "transcript_len": 127, "transcript_preview": "Iya benar, setuju banget. Situasi sangat menentukan. Kalau aku pribadi, Coba den"}, "timestamp": 1788185364446, "hypothesisId": "H2"}
{"sessionId": "430d97", "location": "gemini_live_bridge.py:schedule_final_governance", "message": "final governance scheduled", "data": {"transcript_len": 127, "transcript_preview": "Iya benar, setuju banget. Situasi sangat menentukan. Kalau aku pribadi, Coba den", "latest": ""}, "timestamp": 1788185364447, "hypothesisId": "H3"}
{"sessionId": "430d97", "location": "gemini_live_bridge.py:persona_turn_committer", "message": "VAD commit", "data": {"reason": "incomplete_utterance", "transcript_len": 255, "transcript_preview": "Oh, maksudnya loh gaya bicara yang santai dan gaul gitu? Yang kayak gue, lo, git"}, "timestamp": 1788185383102, "hypothesisId": "H2"}
{"sessionId": "430d97", "location": "gemini_live_bridge.py:schedule_final_governance", "message": "final governance scheduled", "data": {"transcript_len": 255, "transcript_preview": "Oh, maksudnya loh gaya bicara yang santai dan gaul gitu? Yang kayak gue, lo, git", "latest": ""}, "timestamp": 1788185383104, "hypothesisId": "H3"}
{"sessionId": "430d97", "location": "gemini_live_bridge.py:persona_turn_committer", "message": "VAD commit", "data": {"reason": "incomplete_utterance", "transcript_len": 257, "transcript_preview": "Ya kadang kayak gitu, pakai gue lo. Tapi lihat dengan siapa ngomong juga sih. Ka"}, "timestamp": 1788185402198, "hypothesisId": "H2"}
{"sessionId": "430d97", "location": "gemini_live_bridge.py:schedule_final_governance", "message": "final governance scheduled", "data": {"transcript_len": 257, "transcript_preview": "Ya kadang kayak gitu, pakai gue lo. Tapi lihat dengan siapa ngomong juga sih. Ka", "latest": ""}, "timestamp": 1788185402199, "hypothesisId": "H3"}
{"sessionId": "430d97", "location": "gemini_live_bridge.py:persona_turn_committer", "message": "VAD commit", "data": {"reason": "incomplete_utterance", "transcript_len": 292, "transcript_preview": "Nah, bener banget! Konteks itu penting. Kalau aku sih menyesuaikan juga ya, terg"}, "timestamp": 1788185422375, "hypothesisId": "H2"}
{"sessionId": "430d97", "location": "gemini_live_bridge.py:schedule_final_governance", "message": "final governance scheduled", "data": {"transcript_len": 292, "transcript_preview": "Nah, bener banget! Konteks itu penting. Kalau aku sih menyesuaikan juga ya, terg", "latest": ""}, "timestamp": 1788185422377, "hypothesisId": "H3"}
{"sessionId": "430d97", "location": "gemini_live_bridge.py:persona_turn_committer", "message": "VAD commit", "data": {"reason": "incomplete_utterance", "transcript_len": 224, "transcript_preview": "Mungkin bahasa daerah kali ya. Sesekali masukin kata-kata daerah biar obrolan ma"}, "timestamp": 1788185438370, "hypothesisId": "H2"}
{"sessionId": "430d97", "location": "gemini_live_bridge.py:schedule_final_governance", "message": "final governance scheduled", "data": {"transcript_len": 224, "transcript_preview": "Mungkin bahasa daerah kali ya. Sesekali masukin kata-kata daerah biar obrolan ma", "latest": ""}, "timestamp": 1788185438372, "hypothesisId": "H3"}
{"sessionId": "430d97", "location": "gemini_live_bridge.py:persona_turn_committer", "message": "VAD commit", "data": {"reason": "incomplete_utterance", "transcript_len": 336, "transcript_preview": "Wah, setuju tuh. Campur bahasa daerah bisa bikin obrolan jadi lebih hangat dan u"}, "timestamp": 1788185462065, "hypothesisId": "H2"}
{"sessionId": "430d97", "location": "gemini_live_bridge.py:schedule_final_governance", "message": "final governance scheduled", "data": {"transcript_len": 336, "transcript_preview": "Wah, setuju tuh. Campur bahasa daerah bisa bikin obrolan jadi lebih hangat dan u", "latest": ""}, "timestamp": 1788185462065, "hypothesisId": "H3"}
{"sessionId": "430d97", "location": "gemini_live_bridge.py:persona_turn_committer", "message": "VAD commit", "data": {"reason": "incomplete_utterance", "transcript_len": 257, "transcript_preview": "Kalau bahasa daerah sih karena saya basic-nya bahasa Jawa, jadi ya paling sering"}, "timestamp": 1788185480824, "hypothesisId": "H2"}
{"sessionId": "430d97", "location": "gemini_live_bridge.py:schedule_final_governance", "message": "final governance scheduled", "data": {"transcript_len": 257, "transcript_preview": "Kalau bahasa daerah sih karena saya basic-nya bahasa Jawa, jadi ya paling sering", "latest": ""}, "timestamp": 1788185480825, "hypothesisId": "H3"}
{"sessionId": "430d97", "location": "gemini_live_bridge.py:persona_turn_committer", "message": "VAD commit", "data": {"reason": "incomplete_utterance", "transcript_len": 362, "transcript_preview": "Wah, Jawa banyak ya ragamnya. Seru juga kalau bisa nyampur-nyampur gitu. Kalau a"}, "timestamp": 1788185504410, "hypothesisId": "H2"}
{"sessionId": "430d97", "location": "gemini_live_bridge.py:schedule_final_governance", "message": "final governance scheduled", "data": {"transcript_len": 362, "transcript_preview": "Wah, Jawa banyak ya ragamnya. Seru juga kalau bisa nyampur-nyampur gitu. Kalau a", "latest": ""}, "timestamp": 1788185504410, "hypothesisId": "H3"}
{"sessionId": "430d97", "location": "gemini_live_bridge.py:persona_turn_committer", "message": "VAD commit", "data": {"reason": "incomplete_utterance", "transcript_len": 259, "transcript_preview": "Jawa Timuran agak beda sih, lebih ceplas-ceplos dan khas gitu. Tapi saya lebih s"}, "timestamp": 1788185523808, "hypothesisId": "H2"}
{"sessionId": "430d97", "location": "gemini_live_bridge.py:schedule_final_governance", "message": "final governance scheduled", "data": {"transcript_len": 259, "transcript_preview": "Jawa Timuran agak beda sih, lebih ceplas-ceplos dan khas gitu. Tapi saya lebih s", "latest": ""}, "timestamp": 1788185523809, "hypothesisId": "H3"}
{"sessionId": "430d97", "location": "gemini_live_bridge.py:persona_turn_committer", "message": "VAD commit", "data": {"reason": "incomplete_utterance", "transcript_len": 308, "transcript_preview": "Iya, benar. Jawa Timuran memang lebih ceplas-ceplos. Kalau bahasa daerah lain ya"}, "timestamp": 1788185544068, "hypothesisId": "H2"}
{"sessionId": "430d97", "location": "gemini_live_bridge.py:schedule_final_governance", "message": "final governance scheduled", "data": {"transcript_len": 308, "transcript_preview": "Iya, benar. Jawa Timuran memang lebih ceplas-ceplos. Kalau bahasa daerah lain ya", "latest": ""}, "timestamp": 1788185544069, "hypothesisId": "H3"}
{"sessionId": "430d97", "location": "gemini_live_bridge.py:persona_turn_committer", "message": "VAD commit", "data": {"reason": "incomplete_utterance", "transcript_len": 323, "transcript_preview": "Iya, Sulawesi sama Papua emang banyak banget ragamnya dan unik-unik ya. Kalau di"}, "timestamp": 1788185565828, "hypothesisId": "H2"}
{"sessionId": "430d97", "location": "gemini_live_bridge.py:schedule_final_governance", "message": "final governance scheduled", "data": {"transcript_len": 323, "transcript_preview": "Iya, Sulawesi sama Papua emang banyak banget ragamnya dan unik-unik ya. Kalau di", "latest": ""}, "timestamp": 1788185565828, "hypothesisId": "H3"}
{"sessionId": "430d97", "location": "gemini_live_bridge.py:persona_turn_committer", "message": "VAD commit", "data": {"reason": "incomplete_utterance", "transcript_len": 430, "transcript_preview": "Wah, Maluku emang punya bahasa-bahasa yang khas banget ya. Melodius benar. Kalau"}, "timestamp": 1788185593217, "hypothesisId": "H2"}
{"sessionId": "430d97", "location": "gemini_live_bridge.py:schedule_final_governance", "message": "final governance scheduled", "data": {"transcript_len": 430, "transcript_preview": "Wah, Maluku emang punya bahasa-bahasa yang khas banget ya. Melodius benar. Kalau", "latest": ""}, "timestamp": 1788185593217, "hypothesisId": "H3"}
{"sessionId": "430d97", "location": "gemini_live_bridge.py:persona_turn_committer", "message": "VAD commit", "data": {"reason": "incomplete_utterance", "transcript_len": 388, "transcript_preview": "Iya, Papua emang punya ratusan bahasa. Wajar banget kalau dibilang punya struktu"}, "timestamp": 1788185616658, "hypothesisId": "H2"}
{"sessionId": "430d97", "location": "gemini_live_bridge.py:schedule_final_governance", "message": "final governance scheduled", "data": {"transcript_len": 388, "transcript_preview": "Iya, Papua emang punya ratusan bahasa. Wajar banget kalau dibilang punya struktu", "latest": ""}, "timestamp": 1788185616659, "hypothesisId": "H3"}
{"sessionId": "430d97", "location": "gemini_live_bridge.py:persona_turn_committer", "message": "VAD commit", "data": {"reason": "incomplete_utterance", "transcript_len": 16, "transcript_preview": "Papua yang mana?"}, "timestamp": 1788185673962, "hypothesisId": "H2"}
{"sessionId": "430d97", "location": "gemini_live_bridge.py:schedule_final_governance", "message": "final governance scheduled", "data": {"transcript_len": 16, "transcript_preview": "Papua yang mana?", "latest": ""}, "timestamp": 1788185673962, "hypothesisId": "H3"}
{"sessionId": "430d97", "location": "gemini_live_bridge.py:persona_turn_committer", "message": "VAD commit", "data": {"reason": "incomplete_utterance", "transcript_len": 11, "transcript_preview": "\u00bfO c\u00f3mo es?"}, "timestamp": 1788185674005, "hypothesisId": "H2"}
{"sessionId": "430d97", "location": "gemini_live_bridge.py:schedule_final_governance", "message": "final governance scheduled", "data": {"transcript_len": 11, "transcript_preview": "\u00bfO c\u00f3mo es?", "latest": ""}, "timestamp": 1788185674008, "hypothesisId": "H3"}
{"sessionId": "430d97", "location": "gemini_live_bridge.py:persona_turn_committer", "message": "VAD commit", "data": {"reason": "incomplete_utterance", "transcript_len": 213, "transcript_preview": "itu dia masalahnya. Papua punya ratusan bahasa. Jadi bukan satu bahasa tunggal g"}, "timestamp": 1788185690138, "hypothesisId": "H2"}
{"sessionId": "430d97", "location": "gemini_live_bridge.py:schedule_final_governance", "message": "final governance scheduled", "data": {"transcript_len": 213, "transcript_preview": "itu dia masalahnya. Papua punya ratusan bahasa. Jadi bukan satu bahasa tunggal g", "latest": ""}, "timestamp": 1788185690138, "hypothesisId": "H3"}
{"sessionId": "430d97", "location": "gemini_live_bridge.py:persona_turn_committer", "message": "VAD commit", "data": {"reason": "incomplete_utterance", "transcript_len": 309, "transcript_preview": "pahamlah Papua itu beragam bahasa. Maksud saya mungkin lebih asik bahasa tuh yan"}, "timestamp": 1788185711015, "hypothesisId": "H2"}
{"sessionId": "430d97", "location": "gemini_live_bridge.py:schedule_final_governance", "message": "final governance scheduled", "data": {"transcript_len": 309, "transcript_preview": "pahamlah Papua itu beragam bahasa. Maksud saya mungkin lebih asik bahasa tuh yan", "latest": ""}, "timestamp": 1788185711016, "hypothesisId": "H3"}
{"sessionId": "430d97", "location": "gemini_live_bridge.py:persona_turn_committer", "message": "VAD commit", "data": {"reason": "incomplete_utterance", "transcript_len": 267, "transcript_preview": "Oke, deh. Paham. Soal pola unik bahasa Papua, kita pending dulu aja ya. Kecuali "}, "timestamp": 1788185729742, "hypothesisId": "H2"}
{"sessionId": "430d97", "location": "gemini_live_bridge.py:schedule_final_governance", "message": "final governance scheduled", "data": {"transcript_len": 267, "transcript_preview": "Oke, deh. Paham. Soal pola unik bahasa Papua, kita pending dulu aja ya. Kecuali ", "latest": ""}, "timestamp": 1788185729743, "hypothesisId": "H3"}
{"sessionId": "430d97", "location": "gemini_live_bridge.py:persona_turn_committer", "message": "VAD commit", "data": {"reason": "incomplete_utterance", "transcript_len": 215, "transcript_preview": "Boleh, langsung bahas hobi cowok yang bisa bikin lupa waktu aja. Soalnya kayakny"}, "timestamp": 1788185744918, "hypothesisId": "H2"}
{"sessionId": "430d97", "location": "gemini_live_bridge.py:schedule_final_governance", "message": "final governance scheduled", "data": {"transcript_len": 215, "transcript_preview": "Boleh, langsung bahas hobi cowok yang bisa bikin lupa waktu aja. Soalnya kayakny", "latest": ""}, "timestamp": 1788185744919, "hypothesisId": "H3"}
{"sessionId": "430d97", "location": "gemini_live_bridge.py:persona_turn_committer", "message": "VAD commit", "data": {"reason": "incomplete_utterance", "transcript_len": 389, "transcript_preview": "Nah, kalau yang paling sering sih biasanya main game online ya. Apalagi yang bar"}, "timestamp": 1788185769989, "hypothesisId": "H2"}
{"sessionId": "430d97", "location": "gemini_live_bridge.py:schedule_final_governance", "message": "final governance scheduled", "data": {"transcript_len": 389, "transcript_preview": "Nah, kalau yang paling sering sih biasanya main game online ya. Apalagi yang bar", "latest": ""}, "timestamp": 1788185769989, "hypothesisId": "H3"}
{"sessionId": "430d97", "location": "gemini_live_bridge.py:persona_turn_committer", "message": "VAD commit", "data": {"reason": "incomplete_utterance", "transcript_len": 456, "transcript_preview": "Iya, bener banget. Game online emang punya daya tarik yang gila banget ya, bisa "}, "timestamp": 1788185800498, "hypothesisId": "H2"}
{"sessionId": "430d97", "location": "gemini_live_bridge.py:schedule_final_governance", "message": "final governance scheduled", "data": {"transcript_len": 456, "transcript_preview": "Iya, bener banget. Game online emang punya daya tarik yang gila banget ya, bisa ", "latest": ""}, "timestamp": 1788185800499, "hypothesisId": "H3"}
{"sessionId": "430d97", "location": "gemini_live_bridge.py:persona_turn_committer", "message": "VAD commit", "data": {"reason": "incomplete_utterance", "transcript_len": 506, "transcript_preview": "Nah, itu. Mungkin karena hobi-hobi itu ngasih semacam kepuasan tersendiri ya. Bi"}, "timestamp": 1788185832005, "hypothesisId": "H2"}
{"sessionId": "430d97", "location": "gemini_live_bridge.py:schedule_final_governance", "message": "final governance scheduled", "data": {"transcript_len": 506, "transcript_preview": "Nah, itu. Mungkin karena hobi-hobi itu ngasih semacam kepuasan tersendiri ya. Bi", "latest": ""}, "timestamp": 1788185832006, "hypothesisId": "H3"}
{"sessionId": "430d97", "location": "gemini_live_bridge.py:persona_turn_committer", "message": "VAD commit", "data": {"reason": "incomplete_utterance", "transcript_len": 387, "transcript_preview": "Iya benar, kepuasan dan tantangan emang faktor penentu banget ya. Apalagi kalau "}, "timestamp": 1788185858981, "hypothesisId": "H2"}
{"sessionId": "430d97", "location": "gemini_live_bridge.py:persona_turn_committer", "message": "VAD commit", "data": {"reason": "incomplete_utterance", "transcript_len": 455, "transcript_preview": "Nah, faktor pelarian juga berpengaruh besar ya. Bisa jadi macam tombol reset bua"}, "timestamp": 1788185887832, "hypothesisId": "H2"}
{"sessionId": "430d97", "location": "gemini_live_bridge.py:persona_turn_committer", "message": "VAD commit", "data": {"reason": "incomplete_utterance", "transcript_len": 428, "transcript_preview": "Iya, betul Bang. Iya benar, awalnya sih cuma begitu termasuk awal semacam alasan"}, "timestamp": 1788185919940, "hypothesisId": "H2"}
{"sessionId": "430d97", "location": "gemini_live_bridge.py:schedule_final_governance", "message": "final governance scheduled", "data": {"transcript_len": 428, "transcript_preview": "Iya, betul Bang. Iya benar, awalnya sih cuma begitu termasuk awal semacam alasan", "latest": ""}, "timestamp": 1788185919941, "hypothesisId": "H3"}
{"sessionId": "430d97", "location": "gemini_live_bridge.py:persona_turn_committer", "message": "VAD commit", "data": {"reason": "incomplete_utterance", "transcript_len": 384, "transcript_preview": "itu bisa kita kemas, awet, bahkan alasan praktis buat mual. Tapi pas sudah dijal"}, "timestamp": 1788185921607, "hypothesisId": "H2"}
{"sessionId": "430d97", "location": "gemini_live_bridge.py:schedule_final_governance", "message": "final governance scheduled", "data": {"transcript_len": 384, "transcript_preview": "itu bisa kita kemas, awet, bahkan alasan praktis buat mual. Tapi pas sudah dijal", "latest": ""}, "timestamp": 1788185921608, "hypothesisId": "H3"}
{"sessionId": "430d97", "location": "gemini_live_bridge.py:persona_turn_committer", "message": "VAD commit", "data": {"reason": "incomplete_utterance", "transcript_len": 466, "transcript_preview": "banget. Minat atau passion memang jadi kunci yang bikin hobi terasa lebih dalam "}, "timestamp": 1788185949914, "hypothesisId": "H2"}
{"sessionId": "430d97", "location": "gemini_live_bridge.py:schedule_final_governance", "message": "final governance scheduled", "data": {"transcript_len": 466, "transcript_preview": "banget. Minat atau passion memang jadi kunci yang bikin hobi terasa lebih dalam ", "latest": ""}, "timestamp": 1788185949915, "hypothesisId": "H3"}
{"sessionId": "430d97", "location": "gemini_live_bridge.py:persona_turn_committer", "message": "VAD commit", "data": {"reason": "incomplete_utterance", "transcript_len": 112, "transcript_preview": "Hello, nice to meet you. I've got a really good feeling. Yo. I've got Hello, nic"}, "timestamp": 1788185959774, "hypothesisId": "H2"}
{"sessionId": "430d97", "location": "gemini_live_bridge.py:schedule_final_governance", "message": "final governance scheduled", "data": {"transcript_len": 112, "transcript_preview": "Hello, nice to meet you. I've got a really good feeling. Yo. I've got Hello, nic", "latest": ""}, "timestamp": 1788185959774, "hypothesisId": "H3"}
{"sessionId": "430d97", "location": "gemini_live_bridge.py:persona_turn_committer", "message": "VAD commit", "data": {"reason": "incomplete_utterance", "transcript_len": 83, "transcript_preview": "I got a really good feeling. Yo. I said, \"Hello. Nice to meet you. I'm here to h"}, "timestamp": 1788185959960, "hypothesisId": "H2"}
{"sessionId": "430d97", "location": "gemini_live_bridge.py:schedule_final_governance", "message": "final governance scheduled", "data": {"transcript_len": 83, "transcript_preview": "I got a really good feeling. Yo. I said, \"Hello. Nice to meet you. I'm here to h", "latest": ""}, "timestamp": 1788185959961, "hypothesisId": "H3"}
{"sessionId": "430d97", "location": "gemini_live_bridge.py:persona_turn_committer", "message": "VAD commit", "data": {"reason": "incomplete_utterance", "transcript_len": 62, "transcript_preview": "Halo, apa kabar? Salam kenal ya. Ada apa nih? Mau ngobrol apa?"}, "timestamp": 1788185970306, "hypothesisId": "H2"}
{"sessionId": "430d97", "location": "gemini_live_bridge.py:persona_turn_committer", "message": "VAD commit", "data": {"reason": "incomplete_utterance", "transcript_len": 16, "transcript_preview": "Halo, Nona Nisa."}, "timestamp": 1788185972229, "hypothesisId": "H2"}
{"sessionId": "430d97", "location": "gemini_live_bridge.py:schedule_final_governance", "message": "final governance scheduled", "data": {"transcript_len": 16, "transcript_preview": "Halo, Nona Nisa.", "latest": ""}, "timestamp": 1788185972230, "hypothesisId": "H3"}
{"sessionId": "430d97", "location": "gemini_live_bridge.py:persona_turn_committer", "message": "VAD commit", "data": {"reason": "incomplete_utterance", "transcript_len": 9, "transcript_preview": "Ya, dong."}, "timestamp": 1788185977737, "hypothesisId": "H2"}
{"sessionId": "430d97", "location": "gemini_live_bridge.py:schedule_final_governance", "message": "final governance scheduled", "data": {"transcript_len": 9, "transcript_preview": "Ya, dong.", "latest": ""}, "timestamp": 1788185977737, "hypothesisId": "H3"}
{"sessionId": "430d97", "location": "gemini_live_bridge.py:persona_turn_committer", "message": "VAD commit", "data": {"reason": "incomplete_utterance", "transcript_len": 54, "transcript_preview": "Halo juga, senang juga bisa ngobrol. Gimana? Iya dong."}, "timestamp": 1788185977849, "hypothesisId": "H2"}
{"sessionId": "430d97", "location": "gemini_live_bridge.py:schedule_final_governance", "message": "final governance scheduled", "data": {"transcript_len": 54, "transcript_preview": "Halo juga, senang juga bisa ngobrol. Gimana? Iya dong.", "latest": ""}, "timestamp": 1788185977850, "hypothesisId": "H3"}
{"sessionId": "430d97", "location": "gemini_live_bridge.py:persona_turn_committer", "message": "VAD commit", "data": {"reason": "incomplete_utterance", "transcript_len": 23, "transcript_preview": "Aku lagi pengen nyobain"}, "timestamp": 1788185983991, "hypothesisId": "H2"}
{"sessionId": "430d97", "location": "gemini_live_bridge.py:schedule_final_governance", "message": "final governance scheduled", "data": {"transcript_len": 23, "transcript_preview": "Aku lagi pengen nyobain", "latest": ""}, "timestamp": 1788185983991, "hypothesisId": "H3"}
{"sessionId": "430d97", "location": "gemini_live_bridge.py:persona_turn_committer", "message": "VAD commit", "data": {"reason": "incomplete_utterance", "transcript_len": 39, "transcript_preview": "Kalau juga. Saya lebih pengen ngomongin"}, "timestamp": 1788185984184, "hypothesisId": "H2"}
{"sessionId": "430d97", "location": "gemini_live_bridge.py:schedule_final_governance", "message": "final governance scheduled", "data": {"transcript_len": 39, "transcript_preview": "Kalau juga. Saya lebih pengen ngomongin", "latest": ""}, "timestamp": 1788185984185, "hypothesisId": "H3"}
{"sessionId": "430d97", "location": "gemini_live_bridge.py:persona_turn_committer", "message": "VAD commit", "data": {"reason": "incomplete_utterance", "transcript_len": 69, "transcript_preview": "Mau nyobain apa nih kira-kira? Siapa tahu bisa ngobrol seru soal itu."}, "timestamp": 1788185994375, "hypothesisId": "H2"}
{"sessionId": "430d97", "location": "gemini_live_bridge.py:schedule_final_governance", "message": "final governance scheduled", "data": {"transcript_len": 69, "transcript_preview": "Mau nyobain apa nih kira-kira? Siapa tahu bisa ngobrol seru soal itu.", "latest": ""}, "timestamp": 1788185994375, "hypothesisId": "H3"}
{"sessionId": "430d97", "location": "gemini_live_bridge.py:persona_turn_committer", "message": "VAD commit", "data": {"reason": "incomplete_utterance", "transcript_len": 251, "transcript_preview": "Duh, mana nih? Kita bisa ngobrolin, mau cobain apa ya? Mungkin yang lagi bikin p"}, "timestamp": 1788186009129, "hypothesisId": "H2"}
{"sessionId": "430d97", "location": "gemini_live_bridge.py:schedule_final_governance", "message": "final governance scheduled", "data": {"transcript_len": 251, "transcript_preview": "Duh, mana nih? Kita bisa ngobrolin, mau cobain apa ya? Mungkin yang lagi bikin p", "latest": ""}, "timestamp": 1788186009130, "hypothesisId": "H3"}
{"sessionId": "430d97", "location": "gemini_live_bridge.py:persona_turn_committer", "message": "VAD commit", "data": {"reason": "incomplete_utterance", "transcript_len": 4, "transcript_preview": "Hah?"}, "timestamp": 1788186009376, "hypothesisId": "H2"}
{"sessionId": "430d97", "location": "gemini_live_bridge.py:schedule_final_governance", "message": "final governance scheduled", "data": {"transcript_len": 4, "transcript_preview": "Hah?", "latest": ""}, "timestamp": 1788186009377, "hypothesisId": "H3"}
{"sessionId": "430d97", "location": "gemini_live_bridge.py:persona_turn_committer", "message": "VAD commit", "data": {"reason": "incomplete_utterance", "transcript_len": 3, "transcript_preview": "Bu."}, "timestamp": 1788186014715, "hypothesisId": "H2"}
{"sessionId": "430d97", "location": "gemini_live_bridge.py:schedule_final_governance", "message": "final governance scheduled", "data": {"transcript_len": 3, "transcript_preview": "Bu.", "latest": ""}, "timestamp": 1788186014715, "hypothesisId": "H3"}
{"sessionId": "430d97", "location": "gemini_live_bridge.py:persona_turn_committer", "message": "VAD commit", "data": {"reason": "incomplete_utterance", "transcript_len": 22, "transcript_preview": "\u3068\u3066\u3082 \u826f\u3044 \u5834\u5408 \u306a \u3055 \u3001 \u78ba\u304b \u306b \u3002"}, "timestamp": 1788186014902, "hypothesisId": "H2"}
{"sessionId": "430d97", "location": "gemini_live_bridge.py:schedule_final_governance", "message": "final governance scheduled", "data": {"transcript_len": 22, "transcript_preview": "\u3068\u3066\u3082 \u826f\u3044 \u5834\u5408 \u306a \u3055 \u3001 \u78ba\u304b \u306b \u3002", "latest": ""}, "timestamp": 1788186014902, "hypothesisId": "H3"}
{"sessionId": "430d97", "location": "gemini_live_bridge.py:persona_turn_committer", "message": "VAD commit", "data": {"reason": "incomplete_utterance", "transcript_len": 6, "transcript_preview": "kalian"}, "timestamp": 1788186019821, "hypothesisId": "H2"}
{"sessionId": "430d97", "location": "gemini_live_bridge.py:schedule_final_governance", "message": "final governance scheduled", "data": {"transcript_len": 6, "transcript_preview": "kalian", "latest": ""}, "timestamp": 1788186019822, "hypothesisId": "H3"}
{"sessionId": "430d97", "location": "gemini_live_bridge.py:persona_turn_committer", "message": "VAD commit", "data": {"reason": "incomplete_utterance", "transcript_len": 21, "transcript_preview": "Wah, iya. Gua kalian."}, "timestamp": 1788186019867, "hypothesisId": "H2"}
{"sessionId": "430d97", "location": "gemini_live_bridge.py:schedule_final_governance", "message": "final governance scheduled", "data": {"transcript_len": 21, "transcript_preview": "Wah, iya. Gua kalian.", "latest": ""}, "timestamp": 1788186019867, "hypothesisId": "H3"}
{"sessionId": "430d97", "location": "gemini_live_bridge.py:persona_turn_committer", "message": "VAD commit", "data": {"reason": "incomplete_utterance", "transcript_len": 190, "transcript_preview": "gitu ya. Ada ada hal yang kamu penasaran nggak? Apa gitu yang mungkin sering kam"}, "timestamp": 1788186048607, "hypothesisId": "H2"}
{"sessionId": "430d97", "location": "gemini_live_bridge.py:schedule_final_governance", "message": "final governance scheduled", "data": {"transcript_len": 190, "transcript_preview": "gitu ya. Ada ada hal yang kamu penasaran nggak? Apa gitu yang mungkin sering kam", "latest": ""}, "timestamp": 1788186048608, "hypothesisId": "H3"}
{"sessionId": "430d97", "location": "gemini_live_bridge.py:persona_turn_committer", "message": "VAD commit", "data": {"reason": "incomplete_utterance", "transcript_len": 4, "transcript_preview": "Mmm."}, "timestamp": 1788186075906, "hypothesisId": "H2"}
{"sessionId": "430d97", "location": "gemini_live_bridge.py:persona_turn_committer", "message": "VAD commit", "data": {"reason": "incomplete_utterance", "transcript_len": 4, "transcript_preview": "Mmm."}, "timestamp": 1788186078401, "hypothesisId": "H2"}
{"sessionId": "430d97", "location": "gemini_live_bridge.py:persona_turn_committer", "message": "VAD commit", "data": {"reason": "incomplete_utterance", "transcript_len": 12, "transcript_preview": "membuat kari"}, "timestamp": 1788186084118, "hypothesisId": "H2"}
{"sessionId": "430d97", "location": "gemini_live_bridge.py:schedule_final_governance", "message": "final governance scheduled", "data": {"transcript_len": 12, "transcript_preview": "membuat kari", "latest": ""}, "timestamp": 1788186084119, "hypothesisId": "H3"}
{"sessionId": "430d97", "location": "gemini_live_bridge.py:persona_turn_committer", "message": "VAD commit", "data": {"reason": "incomplete_utterance", "transcript_len": 151, "transcript_preview": "air terjun Tuka Cepung. Itu bagus banget kalau cuacanya cerah karena ada cahaya "}, "timestamp": 1788186129669, "hypothesisId": "H2"}
{"sessionId": "430d97", "location": "gemini_live_bridge.py:schedule_final_governance", "message": "final governance scheduled", "data": {"transcript_len": 151, "transcript_preview": "air terjun Tuka Cepung. Itu bagus banget kalau cuacanya cerah karena ada cahaya ", "latest": ""}, "timestamp": 1788186129669, "hypothesisId": "H3"}
{"sessionId": "430d97", "location": "gemini_live_bridge.py:persona_turn_committer", "message": "VAD commit", "data": {"reason": "incomplete_utterance", "transcript_len": 226, "transcript_preview": "Ojek ya. Ada banyak sih. Tapi ada juga Leke-Leke Waterfall di Tabanan. Itu juga "}, "timestamp": 1788186174821, "hypothesisId": "H2"}
{"sessionId": "430d97", "location": "gemini_live_bridge.py:schedule_final_governance", "message": "final governance scheduled", "data": {"transcript_len": 226, "transcript_preview": "Ojek ya. Ada banyak sih. Tapi ada juga Leke-Leke Waterfall di Tabanan. Itu juga ", "latest": ""}, "timestamp": 1788186174822, "hypothesisId": "H3"}
{"sessionId": "430d97", "location": "gemini_live_bridge.py:persona_turn_committer", "message": "VAD commit", "data": {"reason": "incomplete_utterance", "transcript_len": 46, "transcript_preview": "Mmm. Kalau disuruh pilih ya, aku mungkin pilih"}, "timestamp": 1788186201658, "hypothesisId": "H2"}
{"sessionId": "430d97", "location": "gemini_live_bridge.py:schedule_final_governance", "message": "final governance scheduled", "data": {"transcript_len": 46, "transcript_preview": "Mmm. Kalau disuruh pilih ya, aku mungkin pilih", "latest": ""}, "timestamp": 1788186201659, "hypothesisId": "H3"}
{"sessionId": "430d97", "location": "gemini_live_bridge.py:persona_turn_committer", "message": "VAD commit", "data": {"reason": "incomplete_utterance", "transcript_len": 7, "transcript_preview": "Pernah."}, "timestamp": 1788186207928, "hypothesisId": "H2"}
{"sessionId": "430d97", "location": "gemini_live_bridge.py:schedule_final_governance", "message": "final governance scheduled", "data": {"transcript_len": 7, "transcript_preview": "Pernah.", "latest": ""}, "timestamp": 1788186207928, "hypothesisId": "H3"}
{"sessionId": "430d97", "location": "gemini_live_bridge.py:persona_turn_committer", "message": "VAD commit", "data": {"reason": "incomplete_utterance", "transcript_len": 4, "transcript_preview": "Hah?"}, "timestamp": 1788186211856, "hypothesisId": "H2"}
{"sessionId": "430d97", "location": "gemini_live_bridge.py:schedule_final_governance", "message": "final governance scheduled", "data": {"transcript_len": 4, "transcript_preview": "Hah?", "latest": ""}, "timestamp": 1788186211856, "hypothesisId": "H3"}
{"sessionId": "430d97", "location": "gemini_live_bridge.py:persona_turn_committer", "message": "VAD commit", "data": {"reason": "incomplete_utterance", "transcript_len": 28, "transcript_preview": "Kualitasnya juga bagus, tapi"}, "timestamp": 1788186233888, "hypothesisId": "H2"}
{"sessionId": "430d97", "location": "gemini_live_bridge.py:schedule_final_governance", "message": "final governance scheduled", "data": {"transcript_len": 28, "transcript_preview": "Kualitasnya juga bagus, tapi", "latest": ""}, "timestamp": 1788186233889, "hypothesisId": "H3"}
{"sessionId": "430d97", "location": "gemini_live_bridge.py:persona_turn_committer", "message": "VAD commit", "data": {"reason": "incomplete_utterance", "transcript_len": 81, "transcript_preview": "masuk ke area situ. Jadi, alurnya masih segar banget dan asli. Itu sih alasannya"}, "timestamp": 1788186254213, "hypothesisId": "H2"}
{"sessionId": "430d97", "location": "gemini_live_bridge.py:schedule_final_governance", "message": "final governance scheduled", "data": {"transcript_len": 81, "transcript_preview": "masuk ke area situ. Jadi, alurnya masih segar banget dan asli. Itu sih alasannya", "latest": ""}, "timestamp": 1788186254214, "hypothesisId": "H3"}
{"sessionId": "430d97", "location": "gemini_live_bridge.py:persona_turn_committer", "message": "VAD commit", "data": {"reason": "incomplete_utterance", "transcript_len": 6, "transcript_preview": "\u79c1 \u3092 \u3084\u3093"}, "timestamp": 1788186295499, "hypothesisId": "H2"}
{"sessionId": "430d97", "location": "gemini_live_bridge.py:schedule_final_governance", "message": "final governance scheduled", "data": {"transcript_len": 6, "transcript_preview": "\u79c1 \u3092 \u3084\u3093", "latest": ""}, "timestamp": 1788186295499, "hypothesisId": "H3"}
{"sessionId": "430d97", "location": "gemini_live_bridge.py:persona_turn_committer", "message": "VAD commit", "data": {"reason": "incomplete_utterance", "transcript_len": 5, "transcript_preview": "Dunia"}, "timestamp": 1788186298996, "hypothesisId": "H2"}
{"sessionId": "430d97", "location": "gemini_live_bridge.py:schedule_final_governance", "message": "final governance scheduled", "data": {"transcript_len": 5, "transcript_preview": "Dunia", "latest": ""}, "timestamp": 1788186298996, "hypothesisId": "H3"}
{"sessionId": "430d97", "location": "gemini_live_bridge.py:persona_turn_committer", "message": "VAD commit", "data": {"reason": "incomplete_utterance", "transcript_len": 35, "transcript_preview": "alaminya alami dan jauh dari drama."}, "timestamp": 1788186337043, "hypothesisId": "H2"}
{"sessionId": "430d97", "location": "gemini_live_bridge.py:schedule_final_governance", "message": "final governance scheduled", "data": {"transcript_len": 35, "transcript_preview": "alaminya alami dan jauh dari drama.", "latest": ""}, "timestamp": 1788186337043, "hypothesisId": "H3"}
{"sessionId": "430d97", "location": "gemini_live_bridge.py:persona_turn_committer", "message": "VAD commit", "data": {"reason": "incomplete_utterance", "transcript_len": 4, "transcript_preview": "Oke."}, "timestamp": 1788186405876, "hypothesisId": "H2"}
{"sessionId": "430d97", "location": "gemini_live_bridge.py:schedule_final_governance", "message": "final governance scheduled", "data": {"transcript_len": 4, "transcript_preview": "Oke.", "latest": ""}, "timestamp": 1788186405877, "hypothesisId": "H3"}
{"sessionId": "430d97", "location": "gemini_live_bridge.py:persona_turn_committer", "message": "VAD commit", "data": {"reason": "incomplete_utterance", "transcript_len": 15, "transcript_preview": "sepi dan nyaman"}, "timestamp": 1788186450564, "hypothesisId": "H2"}
{"sessionId": "430d97", "location": "gemini_live_bridge.py:schedule_final_governance", "message": "final governance scheduled", "data": {"transcript_len": 15, "transcript_preview": "sepi dan nyaman", "latest": ""}, "timestamp": 1788186450564, "hypothesisId": "H3"}
{"sessionId": "430d97", "location": "gemini_live_bridge.py:persona_turn_committer", "message": "VAD commit", "data": {"reason": "incomplete_utterance", "transcript_len": 5, "transcript_preview": "Coba."}, "timestamp": 1788186475660, "hypothesisId": "H2"}
{"sessionId": "430d97", "location": "gemini_live_bridge.py:schedule_final_governance", "message": "final governance scheduled", "data": {"transcript_len": 5, "transcript_preview": "Coba.", "latest": ""}, "timestamp": 1788186475660, "hypothesisId": "H3"}
{"sessionId": "430d97", "location": "gemini_live_bridge.py:persona_turn_committer", "message": "VAD commit", "data": {"reason": "incomplete_utterance", "transcript_len": 5, "transcript_preview": "Madam"}, "timestamp": 1788186479210, "hypothesisId": "H2"}
{"sessionId": "430d97", "location": "gemini_live_bridge.py:schedule_final_governance", "message": "final governance scheduled", "data": {"transcript_len": 5, "transcript_preview": "Madam", "latest": ""}, "timestamp": 1788186479211, "hypothesisId": "H3"}
{"sessionId": "430d97", "location": "gemini_live_bridge.py:persona_turn_committer", "message": "VAD commit", "data": {"reason": "incomplete_utterance", "transcript_len": 5, "transcript_preview": "mamah"}, "timestamp": 1788186485883, "hypothesisId": "H2"}
{"sessionId": "430d97", "location": "gemini_live_bridge.py:schedule_final_governance", "message": "final governance scheduled", "data": {"transcript_len": 5, "transcript_preview": "mamah", "latest": ""}, "timestamp": 1788186485884, "hypothesisId": "H3"}
{"sessionId": "430d97", "location": "gemini_live_bridge.py:persona_turn_committer", "message": "VAD commit", "data": {"reason": "incomplete_utterance", "transcript_len": 2, "transcript_preview": "\uc751."}, "timestamp": 1788186488929, "hypothesisId": "H2"}
{"sessionId": "430d97", "location": "gemini_live_bridge.py:persona_turn_committer", "message": "VAD commit", "data": {"reason": "incomplete_utterance", "transcript_len": 18, "transcript_preview": "di depan ya, gitu."}, "timestamp": 1788186515632, "hypothesisId": "H2"}
{"sessionId": "430d97", "location": "gemini_live_bridge.py:schedule_final_governance", "message": "final governance scheduled", "data": {"transcript_len": 18, "transcript_preview": "di depan ya, gitu.", "latest": ""}, "timestamp": 1788186515633, "hypothesisId": "H3"}
{"sessionId": "430d97", "location": "gemini_live_bridge.py:persona_turn_committer", "message": "VAD commit", "data": {"reason": "incomplete_utterance", "transcript_len": 25, "transcript_preview": "Iya, benar. Ah, kecil ya."}, "timestamp": 1788186528381, "hypothesisId": "H2"}
{"sessionId": "430d97", "location": "gemini_live_bridge.py:schedule_final_governance", "message": "final governance scheduled", "data": {"transcript_len": 25, "transcript_preview": "Iya, benar. Ah, kecil ya.", "latest": ""}, "timestamp": 1788186528382, "hypothesisId": "H3"}
{"sessionId": "430d97", "location": "gemini_live_bridge.py:persona_turn_committer", "message": "VAD commit", "data": {"reason": "incomplete_utterance", "transcript_len": 13, "transcript_preview": "Itu udangnya."}, "timestamp": 1788186541604, "hypothesisId": "H2"}
{"sessionId": "430d97", "location": "gemini_live_bridge.py:schedule_final_governance", "message": "final governance scheduled", "data": {"transcript_len": 13, "transcript_preview": "Itu udangnya.", "latest": ""}, "timestamp": 1788186541605, "hypothesisId": "H3"}
{"sessionId": "430d97", "location": "gemini_live_bridge.py:persona_turn_committer", "message": "VAD commit", "data": {"reason": "incomplete_utterance", "transcript_len": 35, "transcript_preview": "Voy a esconder tu billetera, cholo."}, "timestamp": 1788186548727, "hypothesisId": "H2"}
{"sessionId": "430d97", "location": "gemini_live_bridge.py:schedule_final_governance", "message": "final governance scheduled", "data": {"transcript_len": 35, "transcript_preview": "Voy a esconder tu billetera, cholo.", "latest": ""}, "timestamp": 1788186548728, "hypothesisId": "H3"}
{"sessionId": "430d97", "location": "gemini_live_bridge.py:persona_turn_committer", "message": "VAD commit", "data": {"reason": "incomplete_utterance", "transcript_len": 8, "transcript_preview": "Oi, tudo"}, "timestamp": 1788186552446, "hypothesisId": "H2"}
{"sessionId": "430d97", "location": "gemini_live_bridge.py:schedule_final_governance", "message": "final governance scheduled", "data": {"transcript_len": 8, "transcript_preview": "Oi, tudo", "latest": ""}, "timestamp": 1788186552446, "hypothesisId": "H3"}
{"sessionId": "430d97", "location": "gemini_live_bridge.py:persona_turn_committer", "message": "VAD commit", "data": {"reason": "incomplete_utterance", "transcript_len": 52, "transcript_preview": "enggak jauh artinya aku nggak punya cerita soal itu."}, "timestamp": 1788186586780, "hypothesisId": "H2"}
{"sessionId": "430d97", "location": "gemini_live_bridge.py:persona_turn_committer", "message": "VAD commit", "data": {"reason": "incomplete_utterance", "transcript_len": 12, "transcript_preview": "Aman, wajar."}, "timestamp": 1788186604563, "hypothesisId": "H2"}
{"sessionId": "430d97", "location": "gemini_live_bridge.py:schedule_final_governance", "message": "final governance scheduled", "data": {"transcript_len": 12, "transcript_preview": "Aman, wajar.", "latest": ""}, "timestamp": 1788186604564, "hypothesisId": "H3"}
{"sessionId": "430d97", "location": "gemini_live_bridge.py:persona_turn_committer", "message": "VAD commit", "data": {"reason": "incomplete_utterance", "transcript_len": 90, "transcript_preview": "Ya asik ee duduk hangat di depan jendela sambil baca buku atau dengerin musik ya"}, "timestamp": 1788186639884, "hypothesisId": "H2"}
{"sessionId": "430d97", "location": "gemini_live_bridge.py:schedule_final_governance", "message": "final governance scheduled", "data": {"transcript_len": 90, "transcript_preview": "Ya asik ee duduk hangat di depan jendela sambil baca buku atau dengerin musik ya", "latest": ""}, "timestamp": 1788186639885, "hypothesisId": "H3"}
{"sessionId": "430d97", "location": "gemini_live_bridge.py:persona_turn_committer", "message": "VAD commit", "data": {"reason": "incomplete_utterance", "transcript_len": 70, "transcript_preview": "tergantung suasana hati aja juga. Tapi mungkin buku cerita pendek atau"}, "timestamp": 1788186662762, "hypothesisId": "H2"}
{"sessionId": "430d97", "location": "gemini_live_bridge.py:schedule_final_governance", "message": "final governance scheduled", "data": {"transcript_len": 70, "transcript_preview": "tergantung suasana hati aja juga. Tapi mungkin buku cerita pendek atau", "latest": ""}, "timestamp": 1788186662763, "hypothesisId": "H3"}
{"sessionId": "430d97", "location": "gemini_live_bridge.py:persona_turn_committer", "message": "VAD commit", "data": {"reason": "incomplete_utterance", "transcript_len": 13, "transcript_preview": "Gimana? Kalau"}, "timestamp": 1788186692250, "hypothesisId": "H2"}
{"sessionId": "430d97", "location": "gemini_live_bridge.py:schedule_final_governance", "message": "final governance scheduled", "data": {"transcript_len": 13, "transcript_preview": "Gimana? Kalau", "latest": ""}, "timestamp": 1788186692250, "hypothesisId": "H3"}
{"sessionId": "430d97", "location": "gemini_live_bridge.py:persona_turn_committer", "message": "VAD commit", "data": {"reason": "incomplete_utterance", "transcript_len": 10, "transcript_preview": "Saya ingin"}, "timestamp": 1788186711497, "hypothesisId": "H2"}
{"sessionId": "430d97", "location": "gemini_live_bridge.py:schedule_final_governance", "message": "final governance scheduled", "data": {"transcript_len": 10, "transcript_preview": "Saya ingin", "latest": ""}, "timestamp": 1788186711497, "hypothesisId": "H3"}
{"sessionId": "430d97", "location": "gemini_live_bridge.py:persona_turn_committer", "message": "VAD commit", "data": {"reason": "incomplete_utterance", "transcript_len": 44, "transcript_preview": "Saya boleh carikan referensi lagu kalau mau."}, "timestamp": 1788186759329, "hypothesisId": "H2"}
{"sessionId": "430d97", "location": "gemini_live_bridge.py:schedule_final_governance", "message": "final governance scheduled", "data": {"transcript_len": 44, "transcript_preview": "Saya boleh carikan referensi lagu kalau mau.", "latest": ""}, "timestamp": 1788186759330, "hypothesisId": "H3"}
{"sessionId": "430d97", "location": "gemini_live_bridge.py:persona_turn_committer", "message": "VAD commit", "data": {"reason": "incomplete_utterance", "transcript_len": 113, "transcript_preview": "Boleh, dua nyanyi dulu. Mmm, mungkin bisa coba dengan lagu Blues dari Paper Kite"}, "timestamp": 1788186780267, "hypothesisId": "H2"}
{"sessionId": "430d97", "location": "gemini_live_bridge.py:schedule_final_governance", "message": "final governance scheduled", "data": {"transcript_len": 113, "transcript_preview": "Boleh, dua nyanyi dulu. Mmm, mungkin bisa coba dengan lagu Blues dari Paper Kite", "latest": ""}, "timestamp": 1788186780267, "hypothesisId": "H3"}
{"sessionId": "430d97", "location": "gemini_live_bridge.py:persona_turn_committer", "message": "VAD commit", "data": {"reason": "incomplete_utterance", "transcript_len": 13, "transcript_preview": "apa di dunia?"}, "timestamp": 1788186790515, "hypothesisId": "H2"}
{"sessionId": "430d97", "location": "gemini_live_bridge.py:schedule_final_governance", "message": "final governance scheduled", "data": {"transcript_len": 13, "transcript_preview": "apa di dunia?", "latest": ""}, "timestamp": 1788186790515, "hypothesisId": "H3"}
{"sessionId": "430d97", "location": "gemini_live_bridge.py:persona_turn_committer", "message": "VAD commit", "data": {"reason": "incomplete_utterance", "transcript_len": 7, "transcript_preview": "Oh, no."}, "timestamp": 1788186803996, "hypothesisId": "H2"}
{"sessionId": "430d97", "location": "gemini_live_bridge.py:schedule_final_governance", "message": "final governance scheduled", "data": {"transcript_len": 7, "transcript_preview": "Oh, no.", "latest": ""}, "timestamp": 1788186803998, "hypothesisId": "H3"}
{"sessionId": "430d97", "location": "gemini_live_bridge.py:persona_turn_committer", "message": "VAD commit", "data": {"reason": "incomplete_utterance", "transcript_len": 46, "transcript_preview": "Akhirnya di ini saja, kamu tetap panjang umur."}, "timestamp": 1788186885052, "hypothesisId": "H2"}
{"sessionId": "430d97", "location": "gemini_live_bridge.py:schedule_final_governance", "message": "final governance scheduled", "data": {"transcript_len": 46, "transcript_preview": "Akhirnya di ini saja, kamu tetap panjang umur.", "latest": ""}, "timestamp": 1788186885053, "hypothesisId": "H3"}
{"sessionId": "430d97", "location": "gemini_live_bridge.py:persona_turn_committer", "message": "VAD commit", "data": {"reason": "incomplete_utterance", "transcript_len": 41, "transcript_preview": "Kamu ngomong aja lanjut, jangan berhenti."}, "timestamp": 1788186904260, "hypothesisId": "H2"}
{"sessionId": "430d97", "location": "gemini_live_bridge.py:schedule_final_governance", "message": "final governance scheduled", "data": {"transcript_len": 41, "transcript_preview": "Kamu ngomong aja lanjut, jangan berhenti.", "latest": ""}, "timestamp": 1788186904261, "hypothesisId": "H3"}
{"sessionId": "430d97", "location": "gemini_live_bridge.py:persona_turn_committer", "message": "VAD commit", "data": {"reason": "incomplete_utterance", "transcript_len": 5, "transcript_preview": "porra"}, "timestamp": 1788186921787, "hypothesisId": "H2"}
{"sessionId": "430d97", "location": "gemini_live_bridge.py:schedule_final_governance", "message": "final governance scheduled", "data": {"transcript_len": 5, "transcript_preview": "porra", "latest": ""}, "timestamp": 1788186921788, "hypothesisId": "H3"}
{"sessionId": "430d97", "location": "gemini_live_bridge.py:persona_turn_committer", "message": "VAD commit", "data": {"reason": "incomplete_utterance", "transcript_len": 57, "transcript_preview": "Ada request lagi nggak? Biar saya putarin di Spotify-nya."}, "timestamp": 1788186941332, "hypothesisId": "H2"}
{"sessionId": "430d97", "location": "gemini_live_bridge.py:schedule_final_governance", "message": "final governance scheduled", "data": {"transcript_len": 57, "transcript_preview": "Ada request lagi nggak? Biar saya putarin di Spotify-nya.", "latest": ""}, "timestamp": 1788186941332, "hypothesisId": "H3"}
{"sessionId": "430d97", "location": "gemini_live_bridge.py:persona_turn_committer", "message": "VAD commit", "data": {"reason": "incomplete_utterance", "transcript_len": 38, "transcript_preview": "Suka kita dengar lagu-lagu Papua, mau."}, "timestamp": 1788186964158, "hypothesisId": "H2"}
{"sessionId": "430d97", "location": "gemini_live_bridge.py:schedule_final_governance", "message": "final governance scheduled", "data": {"transcript_len": 38, "transcript_preview": "Suka kita dengar lagu-lagu Papua, mau.", "latest": ""}, "timestamp": 1788186964159, "hypothesisId": "H3"}
{"sessionId": "430d97", "location": "gemini_live_bridge.py:persona_turn_committer", "message": "VAD commit", "data": {"reason": "incomplete_utterance", "transcript_len": 6, "transcript_preview": "Bagus."}, "timestamp": 1788186976330, "hypothesisId": "H2"}
{"sessionId": "430d97", "location": "gemini_live_bridge.py:schedule_final_governance", "message": "final governance scheduled", "data": {"transcript_len": 6, "transcript_preview": "Bagus.", "latest": ""}, "timestamp": 1788186976330, "hypothesisId": "H3"}
{"sessionId": "430d97", "location": "gemini_live_bridge.py:persona_turn_committer", "message": "VAD commit", "data": {"reason": "incomplete_utterance", "transcript_len": 65, "transcript_preview": "Kalian request saja, biar saya yang cari. Kalian request, dengar."}, "timestamp": 1788186983287, "hypothesisId": "H2"}
{"sessionId": "430d97", "location": "gemini_live_bridge.py:schedule_final_governance", "message": "final governance scheduled", "data": {"transcript_len": 65, "transcript_preview": "Kalian request saja, biar saya yang cari. Kalian request, dengar.", "latest": ""}, "timestamp": 1788186983287, "hypothesisId": "H3"}
{"sessionId": "430d97", "location": "gemini_live_bridge.py:persona_turn_committer", "message": "VAD commit", "data": {"reason": "incomplete_utterance", "transcript_len": 10, "transcript_preview": "lagu Papua"}, "timestamp": 1788186992748, "hypothesisId": "H2"}
{"sessionId": "430d97", "location": "gemini_live_bridge.py:schedule_final_governance", "message": "final governance scheduled", "data": {"transcript_len": 10, "transcript_preview": "lagu Papua", "latest": ""}, "timestamp": 1788186992748, "hypothesisId": "H3"}
{"sessionId": "430d97", "location": "gemini_live_bridge.py:persona_turn_committer", "message": "VAD commit", "data": {"reason": "incomplete_utterance", "transcript_len": 40, "transcript_preview": "Apa itu lagu Popo Jendral Depok Akustik?"}, "timestamp": 1788186999190, "hypothesisId": "H2"}
{"sessionId": "430d97", "location": "gemini_live_bridge.py:schedule_final_governance", "message": "final governance scheduled", "data": {"transcript_len": 40, "transcript_preview": "Apa itu lagu Popo Jendral Depok Akustik?", "latest": ""}, "timestamp": 1788186999190, "hypothesisId": "H3"}
{"sessionId": "430d97", "location": "gemini_live_bridge.py:persona_turn_committer", "message": "VAD commit", "data": {"reason": "incomplete_utterance", "transcript_len": 192, "transcript_preview": "dulu ya. Ee bisa banget sebenarnya. Kalau cari lagu-lagu Papua yang ee ada sentu"}, "timestamp": 1788187025237, "hypothesisId": "H2"}
{"sessionId": "430d97", "location": "gemini_live_bridge.py:schedule_final_governance", "message": "final governance scheduled", "data": {"transcript_len": 192, "transcript_preview": "dulu ya. Ee bisa banget sebenarnya. Kalau cari lagu-lagu Papua yang ee ada sentu", "latest": ""}, "timestamp": 1788187025238, "hypothesisId": "H3"}
{"sessionId": "430d97", "location": "gemini_live_bridge.py:persona_turn_committer", "message": "VAD commit", "data": {"reason": "incomplete_utterance", "transcript_len": 209, "transcript_preview": "sampai aja. Musik pop akustik itu memang punya cara sendiri ya buat bikin suasan"}, "timestamp": 1788187210522, "hypothesisId": "H2"}
{"sessionId": "430d97", "location": "gemini_live_bridge.py:schedule_final_governance", "message": "final governance scheduled", "data": {"transcript_len": 209, "transcript_preview": "sampai aja. Musik pop akustik itu memang punya cara sendiri ya buat bikin suasan", "latest": ""}, "timestamp": 1788187210522, "hypothesisId": "H3"}
{"sessionId": "430d97", "location": "gemini_live_bridge.py:persona_turn_committer", "message": "VAD commit", "data": {"reason": "incomplete_utterance", "transcript_len": 173, "transcript_preview": "Ya, saya suka yang temanya rapi. Ya, tentang perjalanan hidup, penerimaan, atau "}, "timestamp": 1788187247842, "hypothesisId": "H2"}
{"sessionId": "430d97", "location": "gemini_live_bridge.py:schedule_final_governance", "message": "final governance scheduled", "data": {"transcript_len": 173, "transcript_preview": "Ya, saya suka yang temanya rapi. Ya, tentang perjalanan hidup, penerimaan, atau ", "latest": ""}, "timestamp": 1788187247842, "hypothesisId": "H3"}
{"sessionId": "430d97", "location": "gemini_live_bridge.py:persona_turn_committer", "message": "VAD commit", "data": {"reason": "incomplete_utterance", "transcript_len": 78, "transcript_preview": "nanti aku bakal pilih blue dari The Body Shop. Tapi kalau mau yang berbeda sih"}, "timestamp": 1788187286491, "hypothesisId": "H2"}
{"sessionId": "430d97", "location": "gemini_live_bridge.py:persona_turn_committer", "message": "VAD commit", "data": {"reason": "incomplete_utterance", "transcript_len": 3, "transcript_preview": "Oh."}, "timestamp": 1788187299041, "hypothesisId": "H2"}
{"sessionId": "430d97", "location": "gemini_live_bridge.py:persona_turn_committer", "message": "VAD commit", "data": {"reason": "incomplete_utterance", "transcript_len": 438, "transcript_preview": "Kalau suka vibes yang peaceful tapi mau yang sedikit lebih pop, coba deh Blue Be"}, "timestamp": 1788187353685, "hypothesisId": "H2"}
{"sessionId": "430d97", "location": "gemini_live_bridge.py:schedule_final_governance", "message": "final governance scheduled", "data": {"transcript_len": 438, "transcript_preview": "Kalau suka vibes yang peaceful tapi mau yang sedikit lebih pop, coba deh Blue Be", "latest": ""}, "timestamp": 1788187353686, "hypothesisId": "H3"}
{"sessionId": "430d97", "location": "gemini_live_bridge.py:persona_turn_committer", "message": "VAD commit", "data": {"reason": "incomplete_utterance", "transcript_len": 294, "transcript_preview": "Ah, it's so damn good. Blue Valley juga cocok banget buat momen baca buku. Kalau"}, "timestamp": 1788187419522, "hypothesisId": "H2"}
{"sessionId": "430d97", "location": "gemini_live_bridge.py:schedule_final_governance", "message": "final governance scheduled", "data": {"transcript_len": 294, "transcript_preview": "Ah, it's so damn good. Blue Valley juga cocok banget buat momen baca buku. Kalau", "latest": ""}, "timestamp": 1788187419522, "hypothesisId": "H3"}
{"sessionId": "430d97", "location": "gemini_live_bridge.py:persona_turn_committer", "message": "VAD commit", "data": {"reason": "incomplete_utterance", "transcript_len": 6, "transcript_preview": "Belum."}, "timestamp": 1788187428609, "hypothesisId": "H2"}
{"sessionId": "430d97", "location": "gemini_live_bridge.py:schedule_final_governance", "message": "final governance scheduled", "data": {"transcript_len": 6, "transcript_preview": "Belum.", "latest": ""}, "timestamp": 1788187428610, "hypothesisId": "H3"}
{"sessionId": "430d97", "location": "gemini_live_bridge.py:persona_turn_committer", "message": "VAD commit", "data": {"reason": "incomplete_utterance", "transcript_len": 16, "transcript_preview": "Ini tidak perlu."}, "timestamp": 1788187447318, "hypothesisId": "H2"}
{"sessionId": "430d97", "location": "gemini_live_bridge.py:schedule_final_governance", "message": "final governance scheduled", "data": {"transcript_len": 16, "transcript_preview": "Ini tidak perlu.", "latest": ""}, "timestamp": 1788187447319, "hypothesisId": "H3"}
{"sessionId": "430d97", "location": "gemini_live_bridge.py:persona_turn_committer", "message": "VAD commit", "data": {"reason": "incomplete_utterance", "transcript_len": 14, "transcript_preview": "lagunya belum."}, "timestamp": 1788187452728, "hypothesisId": "H2"}
{"sessionId": "430d97", "location": "gemini_live_bridge.py:schedule_final_governance", "message": "final governance scheduled", "data": {"transcript_len": 14, "transcript_preview": "lagunya belum.", "latest": ""}, "timestamp": 1788187452728, "hypothesisId": "H3"}
{"sessionId": "430d97", "location": "gemini_live_bridge.py:persona_turn_committer", "message": "VAD commit", "data": {"reason": "incomplete_utterance", "transcript_len": 45, "transcript_preview": "Penyanyinya Paper Kites, judul lagunya Bloom."}, "timestamp": 1788187502195, "hypothesisId": "H2"}
{"sessionId": "430d97", "location": "gemini_live_bridge.py:schedule_final_governance", "message": "final governance scheduled", "data": {"transcript_len": 45, "transcript_preview": "Penyanyinya Paper Kites, judul lagunya Bloom.", "latest": ""}, "timestamp": 1788187502196, "hypothesisId": "H3"}
{"sessionId": "430d97", "location": "gemini_live_bridge.py:persona_turn_committer", "message": "VAD commit", "data": {"reason": "incomplete_utterance", "transcript_len": 19, "transcript_preview": "Bukan belum, belum."}, "timestamp": 1788187508306, "hypothesisId": "H2"}
{"sessionId": "430d97", "location": "gemini_live_bridge.py:schedule_final_governance", "message": "final governance scheduled", "data": {"transcript_len": 19, "transcript_preview": "Bukan belum, belum.", "latest": ""}, "timestamp": 1788187508307, "hypothesisId": "H3"}
{"sessionId": "430d97", "location": "gemini_live_bridge.py:persona_turn_committer", "message": "VAD commit", "data": {"reason": "incomplete_utterance", "transcript_len": 67, "transcript_preview": "korek kuping dulu baru korek itu kuping biar keluar yang menghambat"}, "timestamp": 1788187523533, "hypothesisId": "H2"}
{"sessionId": "430d97", "location": "gemini_live_bridge.py:schedule_final_governance", "message": "final governance scheduled", "data": {"transcript_len": 67, "transcript_preview": "korek kuping dulu baru korek itu kuping biar keluar yang menghambat", "latest": ""}, "timestamp": 1788187523533, "hypothesisId": "H3"}
{"sessionId": "430d97", "location": "gemini_live_bridge.py:persona_turn_committer", "message": "VAD commit", "data": {"reason": "incomplete_utterance", "transcript_len": 13, "transcript_preview": "Terima kasih."}, "timestamp": 1788187542943, "hypothesisId": "H2"}
{"sessionId": "430d97", "location": "gemini_live_bridge.py:schedule_final_governance", "message": "final governance scheduled", "data": {"transcript_len": 13, "transcript_preview": "Terima kasih.", "latest": ""}, "timestamp": 1788187542943, "hypothesisId": "H3"}
{"sessionId": "430d97", "location": "gemini_live_bridge.py:persona_turn_committer", "message": "VAD commit", "data": {"reason": "incomplete_utterance", "transcript_len": 36, "transcript_preview": "Oh ya, kalau film horor ini ada yang"}, "timestamp": 1788187573081, "hypothesisId": "H2"}
{"sessionId": "430d97", "location": "gemini_live_bridge.py:schedule_final_governance", "message": "final governance scheduled", "data": {"transcript_len": 36, "transcript_preview": "Oh ya, kalau film horor ini ada yang", "latest": ""}, "timestamp": 1788187573081, "hypothesisId": "H3"}
{"sessionId": "430d97", "location": "gemini_live_bridge.py:persona_turn_committer", "message": "VAD commit", "data": {"reason": "incomplete_utterance", "transcript_len": 47, "transcript_preview": "Iya, betul. Masih banyak sih yang bisa dibahas."}, "timestamp": 1788187578192, "hypothesisId": "H2"}
{"sessionId": "430d97", "location": "gemini_live_bridge.py:schedule_final_governance", "message": "final governance scheduled", "data": {"transcript_len": 47, "transcript_preview": "Iya, betul. Masih banyak sih yang bisa dibahas.", "latest": ""}, "timestamp": 1788187578193, "hypothesisId": "H3"}
{"sessionId": "430d97", "location": "gemini_live_bridge.py:persona_turn_committer", "message": "VAD commit", "data": {"reason": "incomplete_utterance", "transcript_len": 4, "transcript_preview": "yang"}, "timestamp": 1788187633087, "hypothesisId": "H2"}
{"sessionId": "430d97", "location": "gemini_live_bridge.py:schedule_final_governance", "message": "final governance scheduled", "data": {"transcript_len": 4, "transcript_preview": "yang", "latest": ""}, "timestamp": 1788187633087, "hypothesisId": "H3"}
{"sessionId": "430d97", "location": "gemini_live_bridge.py:persona_turn_committer", "message": "VAD commit", "data": {"reason": "incomplete_utterance", "transcript_len": 196, "transcript_preview": "ya. Ya. Itu apalagi kalau lagunya bisa menyentuh ke ranah emosional gitu ya. Dan"}, "timestamp": 1788187672707, "hypothesisId": "H2"}
{"sessionId": "430d97", "location": "gemini_live_bridge.py:schedule_final_governance", "message": "final governance scheduled", "data": {"transcript_len": 196, "transcript_preview": "ya. Ya. Itu apalagi kalau lagunya bisa menyentuh ke ranah emosional gitu ya. Dan", "latest": ""}, "timestamp": 1788187672708, "hypothesisId": "H3"}
{"sessionId": "430d97", "location": "gemini_live_bridge.py:persona_turn_committer", "message": "VAD commit", "data": {"reason": "incomplete_utterance", "transcript_len": 152, "transcript_preview": "itu dan pas-pasan itu masih KPR, cicilan belum selesai, itu bebannya kayaknya be"}, "timestamp": 1788187702695, "hypothesisId": "H2"}
{"sessionId": "430d97", "location": "gemini_live_bridge.py:schedule_final_governance", "message": "final governance scheduled", "data": {"transcript_len": 152, "transcript_preview": "itu dan pas-pasan itu masih KPR, cicilan belum selesai, itu bebannya kayaknya be", "latest": ""}, "timestamp": 1788187702696, "hypothesisId": "H3"}
{"sessionId": "430d97", "location": "gemini_live_bridge.py:persona_turn_committer", "message": "VAD commit", "data": {"reason": "incomplete_utterance", "transcript_len": 140, "transcript_preview": "itu menjadi kebiasaan. Kita diajarkan sesuatu yang baik, supaya kita terbiasa, m"}, "timestamp": 1788187731762, "hypothesisId": "H2"}
{"sessionId": "430d97", "location": "gemini_live_bridge.py:schedule_final_governance", "message": "final governance scheduled", "data": {"transcript_len": 140, "transcript_preview": "itu menjadi kebiasaan. Kita diajarkan sesuatu yang baik, supaya kita terbiasa, m", "latest": ""}, "timestamp": 1788187731763, "hypothesisId": "H3"}
{"sessionId": "430d97", "location": "gemini_live_bridge.py:persona_turn_committer", "message": "VAD commit", "data": {"reason": "incomplete_utterance", "transcript_len": 21, "transcript_preview": "Betul, Bu. Betul, Bu."}, "timestamp": 1788187796193, "hypothesisId": "H2"}
{"sessionId": "430d97", "location": "gemini_live_bridge.py:schedule_final_governance", "message": "final governance scheduled", "data": {"transcript_len": 21, "transcript_preview": "Betul, Bu. Betul, Bu.", "latest": ""}, "timestamp": 1788187796193, "hypothesisId": "H3"}
{"sessionId": "430d97", "location": "gemini_live_bridge.py:persona_turn_committer", "message": "VAD commit", "data": {"reason": "incomplete_utterance", "transcript_len": 2, "transcript_preview": "\uc751."}, "timestamp": 1788187824660, "hypothesisId": "H2"}
{"sessionId": "430d97", "location": "gemini_live_bridge.py:persona_turn_committer", "message": "VAD commit", "data": {"reason": "incomplete_utterance", "transcript_len": 4, "transcript_preview": "Mhm."}, "timestamp": 1788187855675, "hypothesisId": "H2"}
{"sessionId": "430d97", "location": "gemini_live_bridge.py:schedule_final_governance", "message": "final governance scheduled", "data": {"transcript_len": 4, "transcript_preview": "Mhm.", "latest": ""}, "timestamp": 1788187855675, "hypothesisId": "H3"}
{"sessionId": "430d97", "location": "gemini_live_bridge.py:persona_turn_committer", "message": "VAD commit", "data": {"reason": "incomplete_utterance", "transcript_len": 6, "transcript_preview": "Betul."}, "timestamp": 1788187869643, "hypothesisId": "H2"}
{"sessionId": "430d97", "location": "gemini_live_bridge.py:schedule_final_governance", "message": "final governance scheduled", "data": {"transcript_len": 6, "transcript_preview": "Betul.", "latest": ""}, "timestamp": 1788187869644, "hypothesisId": "H3"}
{"sessionId": "430d97", "location": "gemini_live_bridge.py:persona_turn_committer", "message": "VAD commit", "data": {"reason": "incomplete_utterance", "transcript_len": 6, "transcript_preview": "nonton"}, "timestamp": 1788187880976, "hypothesisId": "H2"}
{"sessionId": "430d97", "location": "gemini_live_bridge.py:schedule_final_governance", "message": "final governance scheduled", "data": {"transcript_len": 6, "transcript_preview": "nonton", "latest": ""}, "timestamp": 1788187880976, "hypothesisId": "H3"}
{"sessionId": "430d97", "location": "gemini_live_bridge.py:persona_turn_committer", "message": "VAD commit", "data": {"reason": "incomplete_utterance", "transcript_len": 17, "transcript_preview": "Itu yang di sini."}, "timestamp": 1788187890429, "hypothesisId": "H2"}
{"sessionId": "430d97", "location": "gemini_live_bridge.py:schedule_final_governance", "message": "final governance scheduled", "data": {"transcript_len": 17, "transcript_preview": "Itu yang di sini.", "latest": ""}, "timestamp": 1788187890430, "hypothesisId": "H3"}
{"sessionId": "430d97", "location": "gemini_live_bridge.py:persona_turn_committer", "message": "VAD commit", "data": {"reason": "incomplete_utterance", "transcript_len": 4, "transcript_preview": "dari"}, "timestamp": 1788187896186, "hypothesisId": "H2"}
{"sessionId": "430d97", "location": "gemini_live_bridge.py:schedule_final_governance", "message": "final governance scheduled", "data": {"transcript_len": 4, "transcript_preview": "dari", "latest": ""}, "timestamp": 1788187896186, "hypothesisId": "H3"}
{"sessionId": "430d97", "location": "gemini_live_bridge.py:persona_turn_committer", "message": "VAD commit", "data": {"reason": "incomplete_utterance", "transcript_len": 8, "transcript_preview": "remot TV"}, "timestamp": 1788187936399, "hypothesisId": "H2"}
{"sessionId": "430d97", "location": "gemini_live_bridge.py:schedule_final_governance", "message": "final governance scheduled", "data": {"transcript_len": 8, "transcript_preview": "remot TV", "latest": ""}, "timestamp": 1788187936399, "hypothesisId": "H3"}
{"sessionId": "430d97", "location": "gemini_live_bridge.py:persona_turn_committer", "message": "VAD commit", "data": {"reason": "incomplete_utterance", "transcript_len": 3, "transcript_preview": "Itu"}, "timestamp": 1788187952440, "hypothesisId": "H2"}
{"sessionId": "430d97", "location": "gemini_live_bridge.py:schedule_final_governance", "message": "final governance scheduled", "data": {"transcript_len": 3, "transcript_preview": "Itu", "latest": ""}, "timestamp": 1788187952440, "hypothesisId": "H3"}
{"sessionId": "430d97", "location": "gemini_live_bridge.py:persona_turn_committer", "message": "VAD commit", "data": {"reason": "incomplete_utterance", "transcript_len": 4, "transcript_preview": "Mmm."}, "timestamp": 1788187957635, "hypothesisId": "H2"}
{"sessionId": "430d97", "location": "gemini_live_bridge.py:persona_turn_committer", "message": "VAD commit", "data": {"reason": "incomplete_utterance", "transcript_len": 4, "transcript_preview": "kami"}, "timestamp": 1788188004090, "hypothesisId": "H2"}
{"sessionId": "430d97", "location": "gemini_live_bridge.py:schedule_final_governance", "message": "final governance scheduled", "data": {"transcript_len": 4, "transcript_preview": "kami", "latest": ""}, "timestamp": 1788188004091, "hypothesisId": "H3"}
{"sessionId": "430d97", "location": "gemini_live_bridge.py:persona_turn_committer", "message": "VAD commit", "data": {"reason": "incomplete_utterance", "transcript_len": 42, "transcript_preview": "banyak bahan buat ngobrol setelahnya gitu."}, "timestamp": 1788188029790, "hypothesisId": "H2"}
{"sessionId": "430d97", "location": "gemini_live_bridge.py:schedule_final_governance", "message": "final governance scheduled", "data": {"transcript_len": 42, "transcript_preview": "banyak bahan buat ngobrol setelahnya gitu.", "latest": ""}, "timestamp": 1788188029791, "hypothesisId": "H3"}
{"sessionId": "430d97", "location": "gemini_live_bridge.py:persona_turn_committer", "message": "VAD commit", "data": {"reason": "incomplete_utterance", "transcript_len": 79, "transcript_preview": "jadi hal-hal kecil yang mungkin kita ngelihatnya biasa aja sebelumnya tapi jadi"}, "timestamp": 1788188074651, "hypothesisId": "H2"}
{"sessionId": "430d97", "location": "gemini_live_bridge.py:persona_turn_committer", "message": "VAD commit", "data": {"reason": "incomplete_utterance", "transcript_len": 6, "transcript_preview": "\uadf8\ub294 \ubb50\ub77c\ub294"}, "timestamp": 1788188108153, "hypothesisId": "H2"}
{"sessionId": "430d97", "location": "gemini_live_bridge.py:schedule_final_governance", "message": "final governance scheduled", "data": {"transcript_len": 6, "transcript_preview": "\uadf8\ub294 \ubb50\ub77c\ub294", "latest": ""}, "timestamp": 1788188108154, "hypothesisId": "H3"}
{"sessionId": "430d97", "location": "gemini_live_bridge.py:persona_turn_committer", "message": "VAD commit", "data": {"reason": "incomplete_utterance", "transcript_len": 17, "transcript_preview": "seperti yang kita"}, "timestamp": 1788188149225, "hypothesisId": "H2"}
{"sessionId": "430d97", "location": "gemini_live_bridge.py:schedule_final_governance", "message": "final governance scheduled", "data": {"transcript_len": 17, "transcript_preview": "seperti yang kita", "latest": ""}, "timestamp": 1788188149226, "hypothesisId": "H3"}
{"sessionId": "430d97", "location": "gemini_live_bridge.py:persona_turn_committer", "message": "VAD commit", "data": {"reason": "incomplete_utterance", "transcript_len": 2, "transcript_preview": "\uc751."}, "timestamp": 1788188183731, "hypothesisId": "H2"}
{"sessionId": "430d97", "location": "gemini_live_bridge.py:persona_turn_committer", "message": "VAD commit", "data": {"reason": "incomplete_utterance", "transcript_len": 13, "transcript_preview": "Terima kasih."}, "timestamp": 1788188192151, "hypothesisId": "H2"}
{"sessionId": "430d97", "location": "gemini_live_bridge.py:schedule_final_governance", "message": "final governance scheduled", "data": {"transcript_len": 13, "transcript_preview": "Terima kasih.", "latest": ""}, "timestamp": 1788188192152, "hypothesisId": "H3"}
{"sessionId": "430d97", "location": "gemini_live_bridge.py:persona_turn_committer", "message": "VAD commit", "data": {"reason": "incomplete_utterance", "transcript_len": 16, "transcript_preview": "Saya tidak tahu."}, "timestamp": 1788188204932, "hypothesisId": "H2"}
{"sessionId": "430d97", "location": "gemini_live_bridge.py:persona_turn_committer", "message": "VAD commit", "data": {"reason": "incomplete_utterance", "transcript_len": 4, "transcript_preview": "Iya."}, "timestamp": 1788188214414, "hypothesisId": "H2"}
{"sessionId": "430d97", "location": "gemini_live_bridge.py:schedule_final_governance", "message": "final governance scheduled", "data": {"transcript_len": 4, "transcript_preview": "Iya.", "latest": ""}, "timestamp": 1788188214414, "hypothesisId": "H3"}
{"sessionId": "430d97", "location": "gemini_live_bridge.py:persona_turn_committer", "message": "VAD commit", "data": {"reason": "incomplete_utterance", "transcript_len": 4, "transcript_preview": "Iya."}, "timestamp": 1788188225763, "hypothesisId": "H2"}
{"sessionId": "430d97", "location": "gemini_live_bridge.py:schedule_final_governance", "message": "final governance scheduled", "data": {"transcript_len": 4, "transcript_preview": "Iya.", "latest": ""}, "timestamp": 1788188225763, "hypothesisId": "H3"}
{"sessionId": "430d97", "location": "gemini_live_bridge.py:persona_turn_committer", "message": "VAD commit", "data": {"reason": "incomplete_utterance", "transcript_len": 6, "transcript_preview": "Betul."}, "timestamp": 1788188236638, "hypothesisId": "H2"}
{"sessionId": "430d97", "location": "gemini_live_bridge.py:schedule_final_governance", "message": "final governance scheduled", "data": {"transcript_len": 6, "transcript_preview": "Betul.", "latest": ""}, "timestamp": 1788188236639, "hypothesisId": "H3"}
{"sessionId": "430d97", "location": "gemini_live_bridge.py:persona_turn_committer", "message": "VAD commit", "data": {"reason": "incomplete_utterance", "transcript_len": 225, "transcript_preview": "betul. Bareng-bareng tuh, maknanya beda. Jadi kayak ada aja gitu hal yang buat k"}, "timestamp": 1788188271130, "hypothesisId": "H2"}
{"sessionId": "430d97", "location": "gemini_live_bridge.py:persona_turn_committer", "message": "VAD commit", "data": {"reason": "incomplete_utterance", "transcript_len": 215, "transcript_preview": "sebelumnya. Heem. Apalagi kalau misalkan kamu kuat ya ceritanya nyampe gitu. Wah"}, "timestamp": 1788188305601, "hypothesisId": "H2"}
{"sessionId": "430d97", "location": "gemini_live_bridge.py:schedule_final_governance", "message": "final governance scheduled", "data": {"transcript_len": 215, "transcript_preview": "sebelumnya. Heem. Apalagi kalau misalkan kamu kuat ya ceritanya nyampe gitu. Wah", "latest": ""}, "timestamp": 1788188305602, "hypothesisId": "H3"}
{"sessionId": "430d97", "location": "gemini_live_bridge.py:persona_turn_committer", "message": "VAD commit", "data": {"reason": "incomplete_utterance", "transcript_len": 354, "transcript_preview": "Itu rasanya tuh kayak susah ya jelasinnya. Karena ya kalau film itu kan kita ter"}, "timestamp": 1788188353102, "hypothesisId": "H2"}
{"sessionId": "430d97", "location": "gemini_live_bridge.py:schedule_final_governance", "message": "final governance scheduled", "data": {"transcript_len": 354, "transcript_preview": "Itu rasanya tuh kayak susah ya jelasinnya. Karena ya kalau film itu kan kita ter", "latest": ""}, "timestamp": 1788188353103, "hypothesisId": "H3"}
{"sessionId": "430d97", "location": "gemini_live_bridge.py:persona_turn_committer", "message": "VAD commit", "data": {"reason": "incomplete_utterance", "transcript_len": 24, "transcript_preview": "Saya ada di di di hapus."}, "timestamp": 1788188383203, "hypothesisId": "H2"}
{"sessionId": "430d97", "location": "gemini_live_bridge.py:schedule_final_governance", "message": "final governance scheduled", "data": {"transcript_len": 24, "transcript_preview": "Saya ada di di di hapus.", "latest": ""}, "timestamp": 1788188383203, "hypothesisId": "H3"}
{"sessionId": "430d97", "location": "gemini_live_bridge.py:persona_turn_committer", "message": "VAD commit", "data": {"reason": "incomplete_utterance", "transcript_len": 319, "transcript_preview": "betul. Aku suka tuh cari forum-forum buat baca analisis orang tentang film itu. "}, "timestamp": 1788188432201, "hypothesisId": "H2"}
{"sessionId": "430d97", "location": "gemini_live_bridge.py:schedule_final_governance", "message": "final governance scheduled", "data": {"transcript_len": 319, "transcript_preview": "betul. Aku suka tuh cari forum-forum buat baca analisis orang tentang film itu. ", "latest": ""}, "timestamp": 1788188432201, "hypothesisId": "H3"}
{"sessionId": "430d97", "location": "gemini_live_bridge.py:persona_turn_committer", "message": "VAD commit", "data": {"reason": "incomplete_utterance", "transcript_len": 20, "transcript_preview": "bahasa apa lagi nih?"}, "timestamp": 1788188724772, "hypothesisId": "H2"}
{"sessionId": "430d97", "location": "gemini_live_bridge.py:schedule_final_governance", "message": "final governance scheduled", "data": {"transcript_len": 20, "transcript_preview": "bahasa apa lagi nih?", "latest": ""}, "timestamp": 1788188724772, "hypothesisId": "H3"}
{"sessionId": "430d97", "location": "gemini_live_bridge.py:persona_turn_committer", "message": "VAD commit", "data": {"reason": "incomplete_utterance", "transcript_len": 6, "transcript_preview": "bahasa"}, "timestamp": 1788188731397, "hypothesisId": "H2"}
{"sessionId": "430d97", "location": "gemini_live_bridge.py:schedule_final_governance", "message": "final governance scheduled", "data": {"transcript_len": 6, "transcript_preview": "bahasa", "latest": ""}, "timestamp": 1788188731397, "hypothesisId": "H3"}
{"sessionId": "430d97", "location": "gemini_live_bridge.py:persona_turn_committer", "message": "VAD commit", "data": {"reason": "incomplete_utterance", "transcript_len": 39, "transcript_preview": "Mungkin kamu lebih suka film horor yang"}, "timestamp": 1788188740338, "hypothesisId": "H2"}
{"sessionId": "430d97", "location": "gemini_live_bridge.py:schedule_final_governance", "message": "final governance scheduled", "data": {"transcript_len": 39, "transcript_preview": "Mungkin kamu lebih suka film horor yang", "latest": ""}, "timestamp": 1788188740339, "hypothesisId": "H3"}
{"sessionId": "430d97", "location": "gemini_live_bridge.py:persona_turn_committer", "message": "VAD commit", "data": {"reason": "incomplete_utterance", "transcript_len": 14, "transcript_preview": "Tuh, tuh, tuh."}, "timestamp": 1788188773596, "hypothesisId": "H2"}
{"sessionId": "430d97", "location": "gemini_live_bridge.py:schedule_final_governance", "message": "final governance scheduled", "data": {"transcript_len": 14, "transcript_preview": "Tuh, tuh, tuh.", "latest": ""}, "timestamp": 1788188773596, "hypothesisId": "H3"}
{"sessionId": "430d97", "location": "gemini_live_bridge.py:persona_turn_committer", "message": "VAD commit", "data": {"reason": "incomplete_utterance", "transcript_len": 39, "transcript_preview": "Ceritanya tuh bener-bener kuat gitu ya."}, "timestamp": 1788188793523, "hypothesisId": "H2"}
{"sessionId": "430d97", "location": "gemini_live_bridge.py:schedule_final_governance", "message": "final governance scheduled", "data": {"transcript_len": 39, "transcript_preview": "Ceritanya tuh bener-bener kuat gitu ya.", "latest": ""}, "timestamp": 1788188793523, "hypothesisId": "H3"}
{"sessionId": "430d97", "location": "gemini_live_bridge.py:persona_turn_committer", "message": "VAD commit", "data": {"reason": "incomplete_utterance", "transcript_len": 37, "transcript_preview": "apa mau bikin kaget penontonnya lewat"}, "timestamp": 1788188805189, "hypothesisId": "H2"}
{"sessionId": "430d97", "location": "gemini_live_bridge.py:schedule_final_governance", "message": "final governance scheduled", "data": {"transcript_len": 37, "transcript_preview": "apa mau bikin kaget penontonnya lewat", "latest": ""}, "timestamp": 1788188805190, "hypothesisId": "H3"}
{"sessionId": "430d97", "location": "gemini_live_bridge.py:persona_turn_committer", "message": "VAD commit", "data": {"reason": "incomplete_utterance", "transcript_len": 100, "transcript_preview": "Yang temanya tuh hampir nyata gitu ya, rasanya tuh bisa mungkin terjadi dalam ke"}, "timestamp": 1788188836497, "hypothesisId": "H2"}
{"sessionId": "430d97", "location": "gemini_live_bridge.py:schedule_final_governance", "message": "final governance scheduled", "data": {"transcript_len": 100, "transcript_preview": "Yang temanya tuh hampir nyata gitu ya, rasanya tuh bisa mungkin terjadi dalam ke", "latest": ""}, "timestamp": 1788188836497, "hypothesisId": "H3"}
{"sessionId": "430d97", "location": "gemini_live_bridge.py:persona_turn_committer", "message": "VAD commit", "data": {"reason": "incomplete_utterance", "transcript_len": 49, "transcript_preview": "Mungkin mana kah supaya saya bisa coba cari tahu?"}, "timestamp": 1788189047289, "hypothesisId": "H2"}
{"sessionId": "430d97", "location": "gemini_live_bridge.py:schedule_final_governance", "message": "final governance scheduled", "data": {"transcript_len": 49, "transcript_preview": "Mungkin mana kah supaya saya bisa coba cari tahu?", "latest": ""}, "timestamp": 1788189047289, "hypothesisId": "H3"}
{"sessionId": "430d97", "location": "gemini_live_bridge.py:persona_turn_committer", "message": "VAD commit", "data": {"reason": "incomplete_utterance", "transcript_len": 49, "transcript_preview": "lokasi terus jadi bosan tuh. Mending kita ngobrol"}, "timestamp": 1788189063166, "hypothesisId": "H2"}
{"sessionId": "430d97", "location": "gemini_live_bridge.py:schedule_final_governance", "message": "final governance scheduled", "data": {"transcript_len": 49, "transcript_preview": "lokasi terus jadi bosan tuh. Mending kita ngobrol", "latest": ""}, "timestamp": 1788189063166, "hypothesisId": "H3"}
{"sessionId": "430d97", "location": "gemini_live_bridge.py:persona_turn_committer", "message": "VAD commit", "data": {"reason": "incomplete_utterance", "transcript_len": 51, "transcript_preview": "horor yang kemarin menarik juga tuh. Tapi kalau mau"}, "timestamp": 1788189086726, "hypothesisId": "H2"}
{"sessionId": "430d97", "location": "gemini_live_bridge.py:schedule_final_governance", "message": "final governance scheduled", "data": {"transcript_len": 51, "transcript_preview": "horor yang kemarin menarik juga tuh. Tapi kalau mau", "latest": ""}, "timestamp": 1788189086726, "hypothesisId": "H3"}
{"sessionId": "430d97", "location": "gemini_live_bridge.py:persona_turn_committer", "message": "VAD commit", "data": {"reason": "incomplete_utterance", "transcript_len": 58, "transcript_preview": "yang berulang-ulang. Kayak gitu loh maksudnya. Yang kedua,"}, "timestamp": 1788189124334, "hypothesisId": "H2"}
{"sessionId": "430d97", "location": "gemini_live_bridge.py:schedule_final_governance", "message": "final governance scheduled", "data": {"transcript_len": 58, "transcript_preview": "yang berulang-ulang. Kayak gitu loh maksudnya. Yang kedua,", "latest": ""}, "timestamp": 1788189124334, "hypothesisId": "H3"}
{"sessionId": "430d97", "location": "gemini_live_bridge.py:persona_turn_committer", "message": "VAD commit", "data": {"reason": "incomplete_utterance", "transcript_len": 50, "transcript_preview": "Kamu mau nambah lagi cerita apalah itu, bebas aja."}, "timestamp": 1788189200783, "hypothesisId": "H2"}
{"sessionId": "430d97", "location": "gemini_live_bridge.py:schedule_final_governance", "message": "final governance scheduled", "data": {"transcript_len": 50, "transcript_preview": "Kamu mau nambah lagi cerita apalah itu, bebas aja.", "latest": ""}, "timestamp": 1788189200784, "hypothesisId": "H3"}
{"sessionId": "430d97", "location": "gemini_live_bridge.py:persona_turn_committer", "message": "VAD commit", "data": {"reason": "incomplete_utterance", "transcript_len": 66, "transcript_preview": "Wah, santai saja. Kita ngobrol saja, Mi. Apa yang kupikirkan lagi?"}, "timestamp": 1788189212282, "hypothesisId": "H2"}
{"sessionId": "430d97", "location": "gemini_live_bridge.py:schedule_final_governance", "message": "final governance scheduled", "data": {"transcript_len": 66, "transcript_preview": "Wah, santai saja. Kita ngobrol saja, Mi. Apa yang kupikirkan lagi?", "latest": ""}, "timestamp": 1788189212283, "hypothesisId": "H3"}
{"sessionId": "430d97", "location": "gemini_live_bridge.py:persona_turn_committer", "message": "VAD commit", "data": {"reason": "incomplete_utterance", "transcript_len": 10, "transcript_preview": "Ya, sudah."}, "timestamp": 1788189216369, "hypothesisId": "H2"}
{"sessionId": "430d97", "location": "gemini_live_bridge.py:schedule_final_governance", "message": "final governance scheduled", "data": {"transcript_len": 10, "transcript_preview": "Ya, sudah.", "latest": ""}, "timestamp": 1788189216370, "hypothesisId": "H3"}
{"sessionId": "430d97", "location": "gemini_live_bridge.py:persona_turn_committer", "message": "VAD commit", "data": {"reason": "incomplete_utterance", "transcript_len": 8, "transcript_preview": "cita apa"}, "timestamp": 1788189254741, "hypothesisId": "H2"}
{"sessionId": "430d97", "location": "gemini_live_bridge.py:schedule_final_governance", "message": "final governance scheduled", "data": {"transcript_len": 8, "transcript_preview": "cita apa", "latest": ""}, "timestamp": 1788189254742, "hypothesisId": "H3"}
{"sessionId": "430d97", "location": "gemini_live_bridge.py:persona_turn_committer", "message": "VAD commit", "data": {"reason": "incomplete_utterance", "transcript_len": 55, "transcript_preview": "makanan enak tuh menarik juga, Lay. Kau makan apa tadi?"}, "timestamp": 1788189275147, "hypothesisId": "H2"}
{"sessionId": "430d97", "location": "gemini_live_bridge.py:schedule_final_governance", "message": "final governance scheduled", "data": {"transcript_len": 55, "transcript_preview": "makanan enak tuh menarik juga, Lay. Kau makan apa tadi?", "latest": ""}, "timestamp": 1788189275148, "hypothesisId": "H3"}
{"sessionId": "430d97", "location": "gemini_live_bridge.py:persona_turn_committer", "message": "VAD commit", "data": {"reason": "incomplete_utterance", "transcript_len": 130, "transcript_preview": "Iih, sedap sekali nasi goreng kambing begitu. Samakan biasa saja tadi, tra banya"}, "timestamp": 1788189305352, "hypothesisId": "H2"}
{"sessionId": "430d97", "location": "gemini_live_bridge.py:schedule_final_governance", "message": "final governance scheduled", "data": {"transcript_len": 130, "transcript_preview": "Iih, sedap sekali nasi goreng kambing begitu. Samakan biasa saja tadi, tra banya", "latest": ""}, "timestamp": 1788189305353, "hypothesisId": "H3"}
{"sessionId": "430d97", "location": "gemini_live_bridge.py:persona_turn_committer", "message": "VAD commit", "data": {"reason": "incomplete_utterance", "transcript_len": 201, "transcript_preview": "Yo beneran samakan biasa saja. Macam hari-hari biasa begitu. Tak ada yang istime"}, "timestamp": 1788189337813, "hypothesisId": "H2"}
{"sessionId": "430d97", "location": "gemini_live_bridge.py:schedule_final_governance", "message": "final governance scheduled", "data": {"transcript_len": 201, "transcript_preview": "Yo beneran samakan biasa saja. Macam hari-hari biasa begitu. Tak ada yang istime", "latest": ""}, "timestamp": 1788189337814, "hypothesisId": "H3"}
{"sessionId": "430d97", "location": "gemini_live_bridge.py:persona_turn_committer", "message": "VAD commit", "data": {"reason": "incomplete_utterance", "transcript_len": 118, "transcript_preview": "usah repot-repot. Saya lagi cari tempat makan baru lagi. Tapi makasih kau sudah "}, "timestamp": 1788189365031, "hypothesisId": "H2"}
{"sessionId": "430d97", "location": "gemini_live_bridge.py:schedule_final_governance", "message": "final governance scheduled", "data": {"transcript_len": 118, "transcript_preview": "usah repot-repot. Saya lagi cari tempat makan baru lagi. Tapi makasih kau sudah ", "latest": ""}, "timestamp": 1788189365032, "hypothesisId": "H3"}
{"sessionId": "430d97", "location": "gemini_live_bridge.py:persona_turn_committer", "message": "VAD commit", "data": {"reason": "incomplete_utterance", "transcript_len": 139, "transcript_preview": "Yo, ko jangan lupa makan juga toh. Ko tong sama-sama jaga kesehatan nih. Kalau s"}, "timestamp": 1788189388557, "hypothesisId": "H2"}
{"sessionId": "430d97", "location": "gemini_live_bridge.py:schedule_final_governance", "message": "final governance scheduled", "data": {"transcript_len": 139, "transcript_preview": "Yo, ko jangan lupa makan juga toh. Ko tong sama-sama jaga kesehatan nih. Kalau s", "latest": ""}, "timestamp": 1788189388558, "hypothesisId": "H3"}
{"sessionId": "430d97", "location": "gemini_live_bridge.py:persona_turn_committer", "message": "VAD commit", "data": {"reason": "incomplete_utterance", "transcript_len": 154, "transcript_preview": "Pasti tuh, kotong bagu jaga kesehatan nih. Nanti kalau sa ada cerita baru, sa la"}, "timestamp": 1788189412593, "hypothesisId": "H2"}
{"sessionId": "430d97", "location": "gemini_live_bridge.py:schedule_final_governance", "message": "final governance scheduled", "data": {"transcript_len": 154, "transcript_preview": "Pasti tuh, kotong bagu jaga kesehatan nih. Nanti kalau sa ada cerita baru, sa la", "latest": ""}, "timestamp": 1788189412593, "hypothesisId": "H3"}
{"sessionId": "430d97", "location": "gemini_live_bridge.py:persona_turn_committer", "message": "VAD commit", "data": {"reason": "incomplete_utterance", "transcript_len": 4, "transcript_preview": "Ibu."}, "timestamp": 1788189417891, "hypothesisId": "H2"}
{"sessionId": "430d97", "location": "gemini_live_bridge.py:schedule_final_governance", "message": "final governance scheduled", "data": {"transcript_len": 4, "transcript_preview": "Ibu.", "latest": ""}, "timestamp": 1788189417892, "hypothesisId": "H3"}
{"sessionId": "430d97", "location": "gemini_live_bridge.py:persona_turn_committer", "message": "VAD commit", "data": {"reason": "incomplete_utterance", "transcript_len": 71, "transcript_preview": "Iyo, kau tunggu saja cerita baru dari Sarah. Nanti kau tu ngobrol lagi."}, "timestamp": 1788189433701, "hypothesisId": "H2"}
{"sessionId": "430d97", "location": "gemini_live_bridge.py:schedule_final_governance", "message": "final governance scheduled", "data": {"transcript_len": 71, "transcript_preview": "Iyo, kau tunggu saja cerita baru dari Sarah. Nanti kau tu ngobrol lagi.", "latest": ""}, "timestamp": 1788189433702, "hypothesisId": "H3"}
{"sessionId": "430d97", "location": "gemini_live_bridge.py:persona_turn_committer", "message": "VAD commit", "data": {"reason": "incomplete_utterance", "transcript_len": 17, "transcript_preview": "Tutup lapua dulu."}, "timestamp": 1788189441027, "hypothesisId": "H2"}
{"sessionId": "430d97", "location": "gemini_live_bridge.py:schedule_final_governance", "message": "final governance scheduled", "data": {"transcript_len": 17, "transcript_preview": "Tutup lapua dulu.", "latest": ""}, "timestamp": 1788189441028, "hypothesisId": "H3"}
{"sessionId": "430d97", "location": "gemini_live_bridge.py:persona_turn_committer", "message": "VAD commit", "data": {"reason": "incomplete_utterance", "transcript_len": 75, "transcript_preview": "Sip, gue juga jangan sungkan kalau mau cerita apa-apa ya, saya siap dengar."}, "timestamp": 1788189456687, "hypothesisId": "H2"}
{"sessionId": "430d97", "location": "gemini_live_bridge.py:schedule_final_governance", "message": "final governance scheduled", "data": {"transcript_len": 75, "transcript_preview": "Sip, gue juga jangan sungkan kalau mau cerita apa-apa ya, saya siap dengar.", "latest": ""}, "timestamp": 1788189456688, "hypothesisId": "H3"}
{"sessionId": "430d97", "location": "gemini_live_bridge.py:persona_turn_committer", "message": "VAD commit", "data": {"reason": "incomplete_utterance", "transcript_len": 92, "transcript_preview": "Yo, ko, mantap sekali. Kotong saling support lai. Makasih juga ko semua dengar. "}, "timestamp": 1788189475147, "hypothesisId": "H2"}
{"sessionId": "430d97", "location": "gemini_live_bridge.py:schedule_final_governance", "message": "final governance scheduled", "data": {"transcript_len": 92, "transcript_preview": "Yo, ko, mantap sekali. Kotong saling support lai. Makasih juga ko semua dengar. ", "latest": ""}, "timestamp": 1788189475148, "hypothesisId": "H3"}
{"sessionId": "430d97", "location": "gemini_live_bridge.py:persona_turn_committer", "message": "VAD commit", "data": {"reason": "incomplete_utterance", "transcript_len": 77, "transcript_preview": "Kowe juga jaga kesehatan, Lay. Biar kotong bisa ngobrol asik lagi nanti. Gas."}, "timestamp": 1788189494906, "hypothesisId": "H2"}
{"sessionId": "430d97", "location": "gemini_live_bridge.py:schedule_final_governance", "message": "final governance scheduled", "data": {"transcript_len": 77, "transcript_preview": "Kowe juga jaga kesehatan, Lay. Biar kotong bisa ngobrol asik lagi nanti. Gas.", "latest": ""}, "timestamp": 1788189494907, "hypothesisId": "H3"}
{"sessionId": "430d97", "location": "gemini_live_bridge.py:persona_turn_committer", "message": "VAD commit", "data": {"reason": "incomplete_utterance", "transcript_len": 49, "transcript_preview": "Yo, Bro. Jangan lupa bahagia. Sampai ketemu lagi."}, "timestamp": 1788189510054, "hypothesisId": "H2"}
{"sessionId": "430d97", "location": "gemini_live_bridge.py:schedule_final_governance", "message": "final governance scheduled", "data": {"transcript_len": 49, "transcript_preview": "Yo, Bro. Jangan lupa bahagia. Sampai ketemu lagi.", "latest": ""}, "timestamp": 1788189510054, "hypothesisId": "H3"}
{"sessionId": "430d97", "location": "gemini_live_bridge.py:persona_turn_committer", "message": "VAD commit", "data": {"reason": "incomplete_utterance", "transcript_len": 6, "transcript_preview": "Ji Bai"}, "timestamp": 1788189521412, "hypothesisId": "H2"}
{"sessionId": "430d97", "location": "gemini_live_bridge.py:schedule_final_governance", "message": "final governance scheduled", "data": {"transcript_len": 6, "transcript_preview": "Ji Bai", "latest": ""}, "timestamp": 1788189521413, "hypothesisId": "H3"}
{"sessionId": "430d97", "location": "gemini_live_bridge.py:persona_turn_committer", "message": "VAD commit", "data": {"reason": "incomplete_utterance", "transcript_len": 54, "transcript_preview": "Yo, go have a great day juga. Nanti kita ngobrol lagi."}, "timestamp": 1788189534221, "hypothesisId": "H2"}
{"sessionId": "430d97", "location": "gemini_live_bridge.py:schedule_final_governance", "message": "final governance scheduled", "data": {"transcript_len": 54, "transcript_preview": "Yo, go have a great day juga. Nanti kita ngobrol lagi.", "latest": ""}, "timestamp": 1788189534222, "hypothesisId": "H3"}
{"sessionId": "430d97", "location": "gemini_live_bridge.py:persona_turn_committer", "message": "VAD commit", "data": {"reason": "incomplete_utterance", "transcript_len": 24, "transcript_preview": "Nanti kita ngobrol lagi."}, "timestamp": 1788189555178, "hypothesisId": "H2"}
{"sessionId": "430d97", "location": "gemini_live_bridge.py:schedule_final_governance", "message": "final governance scheduled", "data": {"transcript_len": 24, "transcript_preview": "Nanti kita ngobrol lagi.", "latest": ""}, "timestamp": 1788189555178, "hypothesisId": "H3"}
{"sessionId": "430d97", "location": "gemini_live_bridge.py:persona_turn_committer", "message": "VAD commit", "data": {"reason": "incomplete_utterance", "transcript_len": 45, "transcript_preview": "Pasti, Ko. Sampai ketemu lagi. Have fun juga."}, "timestamp": 1788189569215, "hypothesisId": "H2"}
{"sessionId": "430d97", "location": "gemini_live_bridge.py:schedule_final_governance", "message": "final governance scheduled", "data": {"transcript_len": 45, "transcript_preview": "Pasti, Ko. Sampai ketemu lagi. Have fun juga.", "latest": ""}, "timestamp": 1788189569216, "hypothesisId": "H3"}
{"sessionId": "430d97", "location": "gemini_live_bridge.py:persona_turn_committer", "message": "VAD commit", "data": {"reason": "incomplete_utterance", "transcript_len": 104, "transcript_preview": "Cie, go to sama-sama happy lain. Sampai nanti. Bahas yang lain saja, masa begitu"}, "timestamp": 1788189587181, "hypothesisId": "H2"}
{"sessionId": "430d97", "location": "gemini_live_bridge.py:schedule_final_governance", "message": "final governance scheduled", "data": {"transcript_len": 104, "transcript_preview": "Cie, go to sama-sama happy lain. Sampai nanti. Bahas yang lain saja, masa begitu", "latest": ""}, "timestamp": 1788189587181, "hypothesisId": "H3"}
{"sessionId": "430d97", "location": "gemini_live_bridge.py:persona_turn_committer", "message": "VAD commit", "data": {"reason": "incomplete_utterance", "transcript_len": 31, "transcript_preview": "tentang ini saja, tentang Bali."}, "timestamp": 1788189603560, "hypothesisId": "H2"}
{"sessionId": "430d97", "location": "gemini_live_bridge.py:schedule_final_governance", "message": "final governance scheduled", "data": {"transcript_len": 31, "transcript_preview": "tentang ini saja, tentang Bali.", "latest": ""}, "timestamp": 1788189603560, "hypothesisId": "H3"}
{"sessionId": "430d97", "location": "gemini_live_bridge.py:persona_turn_committer", "message": "VAD commit", "data": {"reason": "incomplete_utterance", "transcript_len": 49, "transcript_preview": "sekali toh pantainya budayanya bikin pengin balik"}, "timestamp": 1788189624751, "hypothesisId": "H2"}
{"sessionId": "430d97", "location": "gemini_live_bridge.py:persona_turn_committer", "message": "VAD commit", "data": {"reason": "incomplete_utterance", "transcript_len": 3, "transcript_preview": "So."}, "timestamp": 1788189638140, "hypothesisId": "H2"}
{"sessionId": "430d97", "location": "gemini_live_bridge.py:schedule_final_governance", "message": "final governance scheduled", "data": {"transcript_len": 3, "transcript_preview": "So.", "latest": ""}, "timestamp": 1788189638141, "hypothesisId": "H3"}
{"sessionId": "430d97", "location": "gemini_live_bridge.py:persona_turn_committer", "message": "VAD commit", "data": {"reason": "incomplete_utterance", "transcript_len": 184, "transcript_preview": "Soto Bali tuh memang enak sekali. Kuahnya gurih, berasa rempah. Kalau saya suka "}, "timestamp": 1788189670648, "hypothesisId": "H2"}
{"sessionId": "430d97", "location": "gemini_live_bridge.py:schedule_final_governance", "message": "final governance scheduled", "data": {"transcript_len": 184, "transcript_preview": "Soto Bali tuh memang enak sekali. Kuahnya gurih, berasa rempah. Kalau saya suka ", "latest": ""}, "timestamp": 1788189670648, "hypothesisId": "H3"}
{"sessionId": "430d97", "location": "gemini_live_bridge.py:persona_turn_committer", "message": "VAD commit", "data": {"reason": "incomplete_utterance", "transcript_len": 23, "transcript_preview": "bawa sandang Papua dulu"}, "timestamp": 1788189724881, "hypothesisId": "H2"}
{"sessionId": "430d97", "location": "gemini_live_bridge.py:schedule_final_governance", "message": "final governance scheduled", "data": {"transcript_len": 23, "transcript_preview": "bawa sandang Papua dulu", "latest": ""}, "timestamp": 1788189724882, "hypothesisId": "H3"}
{"sessionId": "430d97", "location": "gemini_live_bridge.py:persona_turn_committer", "message": "VAD commit", "data": {"reason": "incomplete_utterance", "transcript_len": 149, "transcript_preview": "Kerajaan Ampat memang tra ada lawan, sekali. Tapi budaya di sini juga unik banya"}, "timestamp": 1788189757528, "hypothesisId": "H2"}
{"sessionId": "430d97", "location": "gemini_live_bridge.py:schedule_final_governance", "message": "final governance scheduled", "data": {"transcript_len": 149, "transcript_preview": "Kerajaan Ampat memang tra ada lawan, sekali. Tapi budaya di sini juga unik banya", "latest": ""}, "timestamp": 1788189757528, "hypothesisId": "H3"}
{"sessionId": "430d97", "location": "gemini_live_bridge.py:persona_turn_committer", "message": "VAD commit", "data": {"reason": "incomplete_utterance", "transcript_len": 217, "transcript_preview": "Ya, entu memang the best, kan? Kalau sae, saya paling senang dengar Tifa. Bunyi "}, "timestamp": 1788189798861, "hypothesisId": "H2"}
{"sessionId": "430d97", "location": "gemini_live_bridge.py:schedule_final_governance", "message": "final governance scheduled", "data": {"transcript_len": 217, "transcript_preview": "Ya, entu memang the best, kan? Kalau sae, saya paling senang dengar Tifa. Bunyi ", "latest": ""}, "timestamp": 1788189798862, "hypothesisId": "H3"}
{"sessionId": "430d97", "location": "gemini_live_bridge.py:persona_turn_committer", "message": "VAD commit", "data": {"reason": "incomplete_utterance", "transcript_len": 6, "transcript_preview": "of fun"}, "timestamp": 1788189807923, "hypothesisId": "H2"}
{"sessionId": "430d97", "location": "gemini_live_bridge.py:schedule_final_governance", "message": "final governance scheduled", "data": {"transcript_len": 6, "transcript_preview": "of fun", "latest": ""}, "timestamp": 1788189807923, "hypothesisId": "H3"}
{"sessionId": "430d97", "location": "gemini_live_bridge.py:persona_turn_committer", "message": "VAD commit", "data": {"reason": "incomplete_utterance", "transcript_len": 261, "transcript_preview": "Sajojo juga asik betul, gerakannya tuh lincah toh bikin ikut goyang. Memang beda"}, "timestamp": 1788189846427, "hypothesisId": "H2"}
{"sessionId": "430d97", "location": "gemini_live_bridge.py:schedule_final_governance", "message": "final governance scheduled", "data": {"transcript_len": 261, "transcript_preview": "Sajojo juga asik betul, gerakannya tuh lincah toh bikin ikut goyang. Memang beda", "latest": ""}, "timestamp": 1788189846428, "hypothesisId": "H3"}
{"sessionId": "430d97", "location": "gemini_live_bridge.py:persona_turn_committer", "message": "VAD commit", "data": {"reason": "incomplete_utterance", "transcript_len": 210, "transcript_preview": "Pasti, saya doakan kau bisa cepat sampai di Papua. Nanti kalau kau sudah di sini"}, "timestamp": 1788189875098, "hypothesisId": "H2"}
{"sessionId": "430d97", "location": "gemini_live_bridge.py:schedule_final_governance", "message": "final governance scheduled", "data": {"transcript_len": 210, "transcript_preview": "Pasti, saya doakan kau bisa cepat sampai di Papua. Nanti kalau kau sudah di sini", "latest": ""}, "timestamp": 1788189875099, "hypothesisId": "H3"}
{"sessionId": "430d97", "location": "gemini_live_bridge.py:persona_turn_committer", "message": "VAD commit", "data": {"reason": "incomplete_utterance", "transcript_len": 136, "transcript_preview": "Asik, saya tunggu ko di sini mau. Nanti kita jalan-jalan cari makan enak dan nik"}, "timestamp": 1788189903310, "hypothesisId": "H2"}
{"sessionId": "430d97", "location": "gemini_live_bridge.py:schedule_final_governance", "message": "final governance scheduled", "data": {"transcript_len": 136, "transcript_preview": "Asik, saya tunggu ko di sini mau. Nanti kita jalan-jalan cari makan enak dan nik", "latest": ""}, "timestamp": 1788189903310, "hypothesisId": "H3"}
{"sessionId": "430d97", "location": "gemini_live_bridge.py:persona_turn_committer", "message": "VAD commit", "data": {"reason": "incomplete_utterance", "transcript_len": 111, "transcript_preview": "Barat ya, Urbane Jayapura toh? Bagian timur kah? Bisa jadi. Yang penting kita bi"}, "timestamp": 1788189933881, "hypothesisId": "H2"}
{"sessionId": "430d97", "location": "gemini_live_bridge.py:schedule_final_governance", "message": "final governance scheduled", "data": {"transcript_len": 111, "transcript_preview": "Barat ya, Urbane Jayapura toh? Bagian timur kah? Bisa jadi. Yang penting kita bi", "latest": ""}, "timestamp": 1788189933881, "hypothesisId": "H3"}
{"sessionId": "430d97", "location": "gemini_live_bridge.py:persona_turn_committer", "message": "VAD commit", "data": {"reason": "incomplete_utterance", "transcript_len": 113, "transcript_preview": "Mantap sekali. Bicara Papua tuh memang seru toh? Banyak yang bisa dibahas, tak a"}, "timestamp": 1788189959257, "hypothesisId": "H2"}
{"sessionId": "430d97", "location": "gemini_live_bridge.py:schedule_final_governance", "message": "final governance scheduled", "data": {"transcript_len": 113, "transcript_preview": "Mantap sekali. Bicara Papua tuh memang seru toh? Banyak yang bisa dibahas, tak a", "latest": ""}, "timestamp": 1788189959258, "hypothesisId": "H3"}
{"sessionId": "430d97", "location": "gemini_live_bridge.py:persona_turn_committer", "message": "VAD commit", "data": {"reason": "incomplete_utterance", "transcript_len": 149, "transcript_preview": "Cendrawasih, burung surga toh? Memang cantik sekali dewi-dewi itu. Atau kamu mau"}, "timestamp": 1788189989247, "hypothesisId": "H2"}
{"sessionId": "430d97", "location": "gemini_live_bridge.py:schedule_final_governance", "message": "final governance scheduled", "data": {"transcript_len": 149, "transcript_preview": "Cendrawasih, burung surga toh? Memang cantik sekali dewi-dewi itu. Atau kamu mau", "latest": ""}, "timestamp": 1788189989248, "hypothesisId": "H3"}
{"sessionId": "430d97", "location": "gemini_live_bridge.py:persona_turn_committer", "message": "VAD commit", "data": {"reason": "incomplete_utterance", "transcript_len": 266, "transcript_preview": "memang menantang sekali. Bayangkan kau ada di atas awan, lihat salju di daerah t"}, "timestamp": 1788190042482, "hypothesisId": "H2"}
{"sessionId": "430d97", "location": "gemini_live_bridge.py:schedule_final_governance", "message": "final governance scheduled", "data": {"transcript_len": 266, "transcript_preview": "memang menantang sekali. Bayangkan kau ada di atas awan, lihat salju di daerah t", "latest": ""}, "timestamp": 1788190042483, "hypothesisId": "H3"}
{"sessionId": "430d97", "location": "gemini_live_bridge.py:persona_turn_committer", "message": "VAD commit", "data": {"reason": "incomplete_utterance", "transcript_len": 269, "transcript_preview": "Kearifan lokal daerah Kartens memang teramat banyak info toh. Tapi biasanya masy"}, "timestamp": 1788190087184, "hypothesisId": "H2"}
{"sessionId": "430d97", "location": "gemini_live_bridge.py:schedule_final_governance", "message": "final governance scheduled", "data": {"transcript_len": 269, "transcript_preview": "Kearifan lokal daerah Kartens memang teramat banyak info toh. Tapi biasanya masy", "latest": ""}, "timestamp": 1788190087186, "hypothesisId": "H3"}
{"sessionId": "430d97", "location": "gemini_live_bridge.py:persona_turn_committer", "message": "VAD commit", "data": {"reason": "incomplete_utterance", "transcript_len": 212, "transcript_preview": "Wah, ide kamu bikin penasaran sekali. Nanti kalau saya sudah dengar cerita lebih"}, "timestamp": 1788190130508, "hypothesisId": "H2"}
{"sessionId": "430d97", "location": "gemini_live_bridge.py:schedule_final_governance", "message": "final governance scheduled", "data": {"transcript_len": 212, "transcript_preview": "Wah, ide kamu bikin penasaran sekali. Nanti kalau saya sudah dengar cerita lebih", "latest": ""}, "timestamp": 1788190130508, "hypothesisId": "H3"}
{"sessionId": "430d97", "location": "gemini_live_bridge.py:persona_turn_committer", "message": "VAD commit", "data": {"reason": "incomplete_utterance", "transcript_len": 6, "transcript_preview": "lanjut"}, "timestamp": 1788190170713, "hypothesisId": "H2"}
{"sessionId": "430d97", "location": "gemini_live_bridge.py:schedule_final_governance", "message": "final governance scheduled", "data": {"transcript_len": 6, "transcript_preview": "lanjut", "latest": ""}, "timestamp": 1788190170714, "hypothesisId": "H3"}
{"sessionId": "430d97", "location": "gemini_live_bridge.py:persona_turn_committer", "message": "VAD commit", "data": {"reason": "incomplete_utterance", "transcript_len": 153, "transcript_preview": "Kalau Sasi, lebih penasaran deng dong putra di seberburu atau berkebun gitu kan?"}, "timestamp": 1788190195619, "hypothesisId": "H2"}
{"sessionId": "430d97", "location": "gemini_live_bridge.py:schedule_final_governance", "message": "final governance scheduled", "data": {"transcript_len": 153, "transcript_preview": "Kalau Sasi, lebih penasaran deng dong putra di seberburu atau berkebun gitu kan?", "latest": ""}, "timestamp": 1788190195619, "hypothesisId": "H3"}
{"sessionId": "430d97", "location": "gemini_live_bridge.py:persona_turn_committer", "message": "VAD commit", "data": {"reason": "incomplete_utterance", "transcript_len": 321, "transcript_preview": "tradisi yang menyatu dengan alam Papua tuh memang luar biasa toh. Kalau saya sih"}, "timestamp": 1788190249936, "hypothesisId": "H2"}
{"sessionId": "430d97", "location": "gemini_live_bridge.py:schedule_final_governance", "message": "final governance scheduled", "data": {"transcript_len": 321, "transcript_preview": "tradisi yang menyatu dengan alam Papua tuh memang luar biasa toh. Kalau saya sih", "latest": ""}, "timestamp": 1788190249937, "hypothesisId": "H3"}
{"sessionId": "430d97", "location": "gemini_live_bridge.py:persona_turn_committer", "message": "VAD commit", "data": {"reason": "incomplete_utterance", "transcript_len": 178, "transcript_preview": "Sagu memang andalan sekali, toh. Saya mau tahu cara panen sagu saja, kah. Pasti "}, "timestamp": 1788190295364, "hypothesisId": "H2"}
{"sessionId": "430d97", "location": "gemini_live_bridge.py:schedule_final_governance", "message": "final governance scheduled", "data": {"transcript_len": 178, "transcript_preview": "Sagu memang andalan sekali, toh. Saya mau tahu cara panen sagu saja, kah. Pasti ", "latest": ""}, "timestamp": 1788190295366, "hypothesisId": "H3"}
{"sessionId": "430d97", "location": "gemini_live_bridge.py:persona_turn_committer", "message": "VAD commit", "data": {"reason": "incomplete_utterance", "transcript_len": 293, "transcript_preview": "Sagu yang prosesnya panjang tuh memang mantap, toh? Pasti banyak cerita lain di "}, "timestamp": 1788190343496, "hypothesisId": "H2"}
{"sessionId": "430d97", "location": "gemini_live_bridge.py:schedule_final_governance", "message": "final governance scheduled", "data": {"transcript_len": 293, "transcript_preview": "Sagu yang prosesnya panjang tuh memang mantap, toh? Pasti banyak cerita lain di ", "latest": ""}, "timestamp": 1788190343496, "hypothesisId": "H3"}
{"sessionId": "430d97", "location": "gemini_live_bridge.py:persona_turn_committer", "message": "VAD commit", "data": {"reason": "incomplete_utterance", "transcript_len": 235, "transcript_preview": "Proses pembuatan alat-alat tuh menarik sekali, toh? Saya mau tahu tentang itu sa"}, "timestamp": 1788190386934, "hypothesisId": "H2"}
{"sessionId": "430d97", "location": "gemini_live_bridge.py:schedule_final_governance", "message": "final governance scheduled", "data": {"transcript_len": 235, "transcript_preview": "Proses pembuatan alat-alat tuh menarik sekali, toh? Saya mau tahu tentang itu sa", "latest": ""}, "timestamp": 1788190386935, "hypothesisId": "H3"}
{"sessionId": "430d97", "location": "gemini_live_bridge.py:persona_turn_committer", "message": "VAD commit", "data": {"reason": "incomplete_utterance", "transcript_len": 234, "transcript_preview": "keahlian khusus, ya toh? Saya lebih penasaran dengan cara membentuk alatnya, Mam"}, "timestamp": 1788190426892, "hypothesisId": "H2"}
{"sessionId": "430d97", "location": "gemini_live_bridge.py:schedule_final_governance", "message": "final governance scheduled", "data": {"transcript_len": 234, "transcript_preview": "keahlian khusus, ya toh? Saya lebih penasaran dengan cara membentuk alatnya, Mam", "latest": ""}, "timestamp": 1788190426893, "hypothesisId": "H3"}
{"sessionId": "430d97", "location": "gemini_live_bridge.py:persona_turn_committer", "message": "VAD commit", "data": {"reason": "incomplete_utterance", "transcript_len": 234, "transcript_preview": "paling saya penasaran ya, bagaimana cara dowel kasih tajam dengan bantu sederhan"}, "timestamp": 1788190469766, "hypothesisId": "H2"}
{"sessionId": "430d97", "location": "gemini_live_bridge.py:schedule_final_governance", "message": "final governance scheduled", "data": {"transcript_len": 234, "transcript_preview": "paling saya penasaran ya, bagaimana cara dowel kasih tajam dengan bantu sederhan", "latest": ""}, "timestamp": 1788190469767, "hypothesisId": "H3"}
{"sessionId": "430d97", "location": "gemini_live_bridge.py:persona_turn_committer", "message": "VAD commit", "data": {"reason": "incomplete_utterance", "transcript_len": 223, "transcript_preview": "yang bagus tuh macam apa ya? Saya lebih tertarik dengan itu saja kah? Pasti berp"}, "timestamp": 1788190511526, "hypothesisId": "H2"}
{"sessionId": "430d97", "location": "gemini_live_bridge.py:schedule_final_governance", "message": "final governance scheduled", "data": {"transcript_len": 223, "transcript_preview": "yang bagus tuh macam apa ya? Saya lebih tertarik dengan itu saja kah? Pasti berp", "latest": ""}, "timestamp": 1788190511527, "hypothesisId": "H3"}
{"sessionId": "430d97", "location": "gemini_live_bridge.py:persona_turn_committer", "message": "VAD commit", "data": {"reason": "incomplete_utterance", "transcript_len": 177, "transcript_preview": "Sagu, saya mau tahu jenis sagu yang dong pakai buat makan sehari-hari tuh macam "}, "timestamp": 1788190563777, "hypothesisId": "H2"}
{"sessionId": "430d97", "location": "gemini_live_bridge.py:schedule_final_governance", "message": "final governance scheduled", "data": {"transcript_len": 177, "transcript_preview": "Sagu, saya mau tahu jenis sagu yang dong pakai buat makan sehari-hari tuh macam ", "latest": ""}, "timestamp": 1788190563778, "hypothesisId": "H3"}
{"sessionId": "430d97", "location": "gemini_live_bridge.py:persona_turn_committer", "message": "VAD commit", "data": {"reason": "incomplete_utterance", "transcript_len": 187, "transcript_preview": "jenis agung langsung jadi tuh lebih seru kayaknya macam papeda atau makanan basa"}, "timestamp": 1788190616030, "hypothesisId": "H2"}
{"sessionId": "430d97", "location": "gemini_live_bridge.py:schedule_final_governance", "message": "final governance scheduled", "data": {"transcript_len": 187, "transcript_preview": "jenis agung langsung jadi tuh lebih seru kayaknya macam papeda atau makanan basa", "latest": ""}, "timestamp": 1788190616031, "hypothesisId": "H3"}
{"sessionId": "430d97", "location": "gemini_live_bridge.py:persona_turn_committer", "message": "VAD commit", "data": {"reason": "incomplete_utterance", "transcript_len": 235, "transcript_preview": "Beda dengan ikan kuah asam tuh trada lawan, toh? Makanan dewa itu. Sa memang leb"}, "timestamp": 1788190659292, "hypothesisId": "H2"}
{"sessionId": "430d97", "location": "gemini_live_bridge.py:schedule_final_governance", "message": "final governance scheduled", "data": {"transcript_len": 235, "transcript_preview": "Beda dengan ikan kuah asam tuh trada lawan, toh? Makanan dewa itu. Sa memang leb", "latest": ""}, "timestamp": 1788190659293, "hypothesisId": "H3"}
{"sessionId": "430d97", "location": "gemini_live_bridge.py:persona_turn_committer", "message": "VAD commit", "data": {"reason": "incomplete_utterance", "transcript_len": 291, "transcript_preview": "Peda dengan ikan kuah asam tuh memang juara sekali toh. Campuran rasa masam, ped"}, "timestamp": 1788190703734, "hypothesisId": "H2"}
{"sessionId": "430d97", "location": "gemini_live_bridge.py:schedule_final_governance", "message": "final governance scheduled", "data": {"transcript_len": 291, "transcript_preview": "Peda dengan ikan kuah asam tuh memang juara sekali toh. Campuran rasa masam, ped", "latest": ""}, "timestamp": 1788190703734, "hypothesisId": "H3"}
{"sessionId": "430d97", "location": "gemini_live_bridge.py:persona_turn_committer", "message": "VAD commit", "data": {"reason": "incomplete_utterance", "transcript_len": 208, "transcript_preview": "Daun pandan atau daun pisang memang umum, toh? Saya mau coba cari daun yang lebi"}, "timestamp": 1788190741442, "hypothesisId": "H2"}
{"sessionId": "430d97", "location": "gemini_live_bridge.py:schedule_final_governance", "message": "final governance scheduled", "data": {"transcript_len": 208, "transcript_preview": "Daun pandan atau daun pisang memang umum, toh? Saya mau coba cari daun yang lebi", "latest": ""}, "timestamp": 1788190741447, "hypothesisId": "H3"}
{"sessionId": "430d97", "location": "gemini_live_bridge.py:persona_turn_committer", "message": "VAD commit", "data": {"reason": "incomplete_utterance", "transcript_len": 7, "transcript_preview": "Lanjut."}, "timestamp": 1788190783269, "hypothesisId": "H2"}
{"sessionId": "430d97", "location": "gemini_live_bridge.py:schedule_final_governance", "message": "final governance scheduled", "data": {"transcript_len": 7, "transcript_preview": "Lanjut.", "latest": ""}, "timestamp": 1788190783269, "hypothesisId": "H3"}
{"sessionId": "430d97", "location": "gemini_live_bridge.py:persona_turn_committer", "message": "VAD commit", "data": {"reason": "incomplete_utterance", "transcript_len": 207, "transcript_preview": "Macam apa ye? Daun pandan Papua tuh yang bagaimana kah? Saya baru dengar itu ye."}, "timestamp": 1788190813073, "hypothesisId": "H2"}
{"sessionId": "430d97", "location": "gemini_live_bridge.py:schedule_final_governance", "message": "final governance scheduled", "data": {"transcript_len": 207, "transcript_preview": "Macam apa ye? Daun pandan Papua tuh yang bagaimana kah? Saya baru dengar itu ye.", "latest": ""}, "timestamp": 1788190813074, "hypothesisId": "H3"}
{"sessionId": "430d97", "location": "gemini_live_bridge.py:persona_turn_committer", "message": "VAD commit", "data": {"reason": "incomplete_utterance", "transcript_len": 228, "transcript_preview": "begitu kah? Besar sekali ya. Saya baru dengar ada pandan macam itu. Aromanya leb"}, "timestamp": 1788190859932, "hypothesisId": "H2"}
{"sessionId": "430d97", "location": "gemini_live_bridge.py:schedule_final_governance", "message": "final governance scheduled", "data": {"transcript_len": 228, "transcript_preview": "begitu kah? Besar sekali ya. Saya baru dengar ada pandan macam itu. Aromanya leb", "latest": ""}, "timestamp": 1788190859933, "hypothesisId": "H3"}
